week,hours_viewed_sum,hours_viewed_mean,hours_viewed_std,hours_viewed_min,hours_viewed_max,weeks_in_top10_mean,ranking_nunique,avg_rating_mean,rating_std_mean,num_ratings_sum,vader_compound_mean_mean,vader_positive_mean_mean,vader_negative_mean_mean,textblob_polarity_mean_mean,num_reviews_with_text_sum,total_hours_next_week,hours_pct_change,engagement_decline,year,month,week_of_year,hours_lag_1,sentiment_lag_1,hours_lag_2,sentiment_lag_2,hours_lag_3,sentiment_lag_3,hours_lag_4,sentiment_lag_4,hours_ma_4week,sentiment_ma_4week
2021-07-04,114650000,11465000.0,6449150.2454888495,4890000,25680000,2.7,10,3.257794117647059,1.2580159611524242,197,0.3679331764705882,0.22138823529411766,0.0880079411764706,0.18281441281770824,197,113970000.0,-0.005931094635848234,0,2021,7,26,,,,,,,,,114650000.0,0.3679331764705882
2021-07-11,113970000,11397000.0,3762809.38189067,7460000,19550000,2.9,10,3.4875,1.283655681170554,185,0.426131,0.24090000000000003,0.06836,0.24392238052985754,185,114020000.0,0.00043871194173905414,0,2021,7,27,114650000.0,0.3679331764705882,,,,,,,114310000.0,0.3970320882352941
2021-07-18,114020000,11402000.0,4461630.99226181,6560000,20080000,2.9,10,3.44,1.2285730108189004,185,0.40548400000000007,0.24758,0.07036,0.22316735216242695,185,109540000.0,-0.03929135239431679,0,2021,7,28,113970000.0,0.426131,114650000.0,0.3679331764705882,,,,,114213333.33333333,0.3998493921568627
2021-07-25,109540000,10954000.0,2496638.6291260584,8250000,16130000,2.7,10,3.6674999999999995,1.3230728946871262,200,0.3591125,0.2277,0.08476,0.2449976809410442,200,96860000.0,-0.11575680116852291,1,2021,7,29,114020000.0,0.40548400000000007,113970000.0,0.426131,114650000.0,0.3679331764705882,,,113045000.0,0.38966516911764704
2021-08-01,96860000,9686000.0,7654537.071422268,5030000,28050000,3.4,10,3.6525,1.2702036502908802,200,0.40696849999999996,0.2559,0.082835,0.24186861507412397,200,117670000.0,0.21484616972950651,0,2021,8,30,109540000.0,0.3591125,114020000.0,0.40548400000000007,113970000.0,0.426131,114650000.0,0.3679331764705882,108597500.0,0.399424
2021-08-08,117670000,11767000.0,8087062.43879005,5050000,24200000,3.9,10,3.3299999999999996,1.2184909088796383,200,0.393105,0.23785000000000003,0.083135,0.17763463852162512,200,229670000.0,0.9518143961927424,0,2021,8,31,96860000.0,0.40696849999999996,109540000.0,0.3591125,114020000.0,0.40548400000000007,113970000.0,0.426131,109522500.0,0.3911675
2021-08-15,229670000,22967000.0,25737865.77096952,6450000,90860000,3.4,10,2.7224999999999997,1.259963055575823,182,0.290088,0.21016500000000002,0.10813500000000001,0.09847810446666097,182,181770000.0,-0.20856010798101624,1,2021,8,32,117670000.0,0.393105,96860000.0,0.40696849999999996,109540000.0,0.3591125,114020000.0,0.40548400000000007,138435000.0,0.3623185
2021-08-22,181770000,18177000.0,15642830.12899023,6320000,57160000,4.7,10,3.1475,1.3802973870547155,200,0.29913,0.233085,0.09479,0.16292670102328957,200,212810000.0,0.17076525279198987,0,2021,8,33,229670000.0,0.290088,117670000.0,0.393105,96860000.0,0.40696849999999996,109540000.0,0.3591125,156492500.0,0.347322875
2021-08-29,212810000,21281000.0,14922421.943728393,8430000,48140000,3.6,10,2.915,1.4043911650739649,200,0.24797100000000002,0.20404,0.10415,0.1701357013996659,200,151010000.0,-0.29039988722334475,1,2021,8,34,181770000.0,0.29913,229670000.0,0.290088,117670000.0,0.393105,96860000.0,0.40696849999999996,185480000.0,0.3075735
2021-09-05,151010000,15101000.0,12140166.070619553,6230000,36730000,3.7,10,3.171875,1.4541675571566905,196,0.356417125,0.2330775,0.09194,0.18248582250342926,196,133420000.0,-0.11648235216210846,1,2021,9,35,212810000.0,0.24797100000000002,181770000.0,0.29913,229670000.0,0.290088,117670000.0,0.393105,193815000.0,0.29840153125
2021-09-12,133420000,13342000.0,10338012.70393235,6200000,38780000,3.5,10,3.221875,1.4748297341250278,196,0.330720625,0.2199175,0.09431500000000001,0.17563323008973067,196,144760000.0,0.08499475341028331,0,2021,9,36,151010000.0,0.356417125,212810000.0,0.24797100000000002,181770000.0,0.29913,229670000.0,0.290088,169752500.0,0.3085596875
2021-09-19,144760000,14476000.0,8772726.929397598,6950000,37400000,2.8,10,3.5227777777777773,1.195919989610063,190,0.34756472222222223,0.19599277777777777,0.09109055555555556,0.20003775645063349,190,122310000.0,-0.15508427742470296,1,2021,9,37,133420000.0,0.330720625,151010000.0,0.356417125,212810000.0,0.24797100000000002,181770000.0,0.29913,160500000.0,0.32066836805555554
2021-09-26,122310000,12231000.0,7318930.477421775,5210000,30040000,3.2,10,3.5411111111111113,1.199150342006385,198,0.3147115555555556,0.20280944444444443,0.1023738888888889,0.15884037822461505,198,160980000.0,0.31616384596517044,0,2021,9,38,144760000.0,0.34756472222222223,133420000.0,0.330720625,151010000.0,0.356417125,212810000.0,0.24797100000000002,137875000.0,0.33735350694444444
2021-10-03,160980000,16098000.0,13062382.631051656,4160000,47600000,3.4,10,3.40125,1.2122275180623228,196,0.254774,0.1926575,0.0991575,0.1572253301376772,196,137530000.0,-0.1456702695987079,1,2021,10,39,122310000.0,0.3147115555555556,144760000.0,0.34756472222222223,133420000.0,0.330720625,151010000.0,0.356417125,140367500.0,0.3119427256944445
2021-10-10,137530000,13753000.0,10910392.650027668,6830000,42280000,3.0,10,3.2477941176470586,1.4287328042589396,197,0.2896868235294118,0.20818323529411767,0.09351911764705882,0.19021037590943932,197,85890000.0,-0.3754817130807824,1,2021,10,40,160980000.0,0.254774,122310000.0,0.3147115555555556,144760000.0,0.34756472222222223,133420000.0,0.330720625,141395000.0,0.3016842753267974
2021-10-17,85890000,8589000.0,4810475.721450703,4770000,20410000,3.1,10,3.365294117647059,1.2752025343083802,197,0.3544733235294118,0.22966823529411765,0.08127411764705882,0.22534928700526996,197,79640000.0,-0.07276749330539062,0,2021,10,41,137530000.0,0.2896868235294118,160980000.0,0.254774,122310000.0,0.3147115555555556,144760000.0,0.34756472222222223,126677500.0,0.3034114256535948
2021-10-24,79640000,7964000.0,8529445.98956397,3430000,31870000,3.5,10,3.4025,1.252335746926494,200,0.3626995,0.22853500000000002,0.07944,0.1966392296583186,200,137850000.0,0.7309141135107986,0,2021,10,42,85890000.0,0.3544733235294118,137530000.0,0.2896868235294118,160980000.0,0.254774,122310000.0,0.3147115555555556,116010000.0,0.3154084117647059
2021-10-31,137850000,13785000.0,14123801.227400191,4190000,49640000,2.5,10,3.3299999999999996,1.224631862984433,200,0.318451,0.212825,0.099075,0.15892170530866112,200,248250000.0,0.8008705114254625,0,2021,10,43,79640000.0,0.3626995,85890000.0,0.3544733235294118,137530000.0,0.2896868235294118,160980000.0,0.254774,110227500.0,0.3313276617647059
2021-11-07,248250000,24825000.0,25023803.445697237,5740000,71610000,2.6,10,3.275,1.355484928250389,184,0.40873799999999993,0.22981,0.083565,0.17865242720053714,184,311370000.0,0.2542598187311178,0,2021,11,44,137850000.0,0.318451,79640000.0,0.3626995,85890000.0,0.3544733235294118,137530000.0,0.2896868235294118,137907500.0,0.36109045588235295
2021-11-14,311370000,31137000.0,44506564.3223309,6760000,148720000,3.7,10,3.2299999999999995,1.379911704624645,200,0.34715850000000004,0.22449499999999997,0.0969,0.15696356280630822,200,255070000.0,-0.180813822783184,1,2021,11,45,248250000.0,0.40873799999999993,137850000.0,0.318451,79640000.0,0.3626995,85890000.0,0.3544733235294118,194277500.0,0.35926175
2021-11-21,255070000,25507000.0,36806768.716274634,7680000,129110000,5.2,10,3.3024999999999998,1.3929018274116247,200,0.4418755,0.24252,0.07345499999999999,0.20686440022956912,200,226440000.0,-0.11224369780844475,1,2021,11,46,311370000.0,0.34715850000000004,248250000.0,0.40873799999999993,137850000.0,0.318451,79640000.0,0.3626995,238135000.0,0.37905574999999997
2021-11-28,226440000,22644000.0,14842231.937578961,9780000,50650000,5.2,10,3.2600000000000002,1.4233873305344242,200,0.4380085,0.239075,0.07429500000000001,0.18549105915640413,200,169840000.0,-0.24995583819113232,1,2021,11,47,255070000.0,0.4418755,311370000.0,0.34715850000000004,248250000.0,0.40873799999999993,137850000.0,0.318451,260282500.0,0.40894512499999996
2021-12-05,169840000,16984000.0,8092884.66631165,7240000,27200000,4.7,10,3.4325,1.3932714155014123,200,0.48865949999999997,0.24905499999999997,0.07206,0.1988430546721726,200,192530000.0,0.1335963259538389,0,2021,12,48,226440000.0,0.4380085,255070000.0,0.4418755,311370000.0,0.34715850000000004,248250000.0,0.40873799999999993,240680000.0,0.4289255
2021-12-12,192530000,19253000.0,23609641.6510054,8510000,85860000,5.0,10,3.3225000000000002,1.465766620695222,200,0.377435,0.22744,0.09357499999999999,0.15687216800912132,200,202430000.0,0.05142055783514257,0,2021,12,49,169840000.0,0.48865949999999997,226440000.0,0.4380085,255070000.0,0.4418755,311370000.0,0.34715850000000004,210970000.0,0.43649462499999997
2021-12-19,202430000,20243000.0,21436998.675706033,7270000,74440000,5.0,10,3.65,1.4169879924638362,183,0.49376066666666674,0.237845,0.071,0.21888657364752268,183,265760000.0,0.31284888603467864,0,2021,12,50,192530000.0,0.377435,169840000.0,0.48865949999999997,226440000.0,0.4380085,255070000.0,0.4418755,197810000.0,0.4494659166666667
2021-12-26,265760000,26576000.0,30450748.649800606,9120000,111030000,5.9,10,3.59,1.4155657998467526,183,0.4347926666666667,0.225675,0.07904,0.1998129016562983,183,272420000.0,0.025060204695966284,0,2021,12,51,202430000.0,0.49376066666666674,192530000.0,0.377435,169840000.0,0.48865949999999997,226440000.0,0.4380085,207640000.0,0.4486619583333334
2022-01-02,272420000,27242000.0,44243598.85904401,5430000,152290000,4.8,10,3.4,1.3960738802579673,200,0.306024,0.20283,0.10225500000000001,0.16541163302070191,200,184480000.0,-0.32281036634608323,1,2022,1,52,265760000.0,0.4347926666666667,202430000.0,0.49376066666666674,192530000.0,0.377435,169840000.0,0.48865949999999997,233285000.0,0.40300308333333335
2022-01-09,184480000,18448000.0,15332972.31459054,9960000,58200000,4.8,10,3.2475,1.4183635725275032,200,0.3593235,0.200665,0.083615,0.15567309498540555,200,155830000.0,-0.15530138768430182,1,2022,1,1,272420000.0,0.306024,265760000.0,0.4347926666666667,202430000.0,0.49376066666666674,192530000.0,0.377435,231272500.0,0.3984752083333334
2022-01-16,155830000,15583000.0,12779943.531434976,7000000,45340000,5.4,10,3.245,1.3803535086498104,200,0.3215325,0.21427999999999997,0.09044,0.1501084059127961,200,155880000.0,0.00032086247834178273,0,2022,1,2,184480000.0,0.3593235,272420000.0,0.306024,265760000.0,0.4347926666666667,202430000.0,0.49376066666666674,219622500.0,0.3554181666666667
2022-01-23,155880000,15588000.0,11707120.150669942,5330000,42490000,5.4,10,3.0275,1.447454907201029,200,0.294474,0.20560499999999998,0.091525,0.13255234103454686,200,112340000.0,-0.2793174236592251,1,2022,1,3,155830000.0,0.3215325,184480000.0,0.3593235,272420000.0,0.306024,265760000.0,0.4347926666666667,192152500.0,0.32033849999999997
2022-01-30,112340000,11234000.0,7655418.12487513,4870000,26580000,5.7,10,2.84,1.4596598216038206,200,0.19833399999999998,0.18596,0.106595,0.10338790926709703,200,151610000.0,0.3495638241053943,0,2022,1,4,155880000.0,0.294474,155830000.0,0.3215325,184480000.0,0.3593235,272420000.0,0.306024,152132500.0,0.293416
2022-02-06,151610000,15161000.0,13536166.739516767,6370000,45800000,5.5,10,3.2,1.3085286964158709,200,0.223164,0.197455,0.099565,0.15649284928272775,200,164410000.0,0.08442714860497329,0,2022,2,5,112340000.0,0.19833399999999998,155880000.0,0.294474,155830000.0,0.3215325,184480000.0,0.3593235,143915000.0,0.259376125
2022-02-13,164410000,16441000.0,18124842.650657993,5360000,64700000,5.8,10,3.3225000000000002,1.3462556928962288,200,0.33273199999999997,0.207905,0.09133,0.18406051664152012,200,153400000.0,-0.06696672951766924,0,2022,2,6,151610000.0,0.223164,112340000.0,0.19833399999999998,155880000.0,0.294474,155830000.0,0.3215325,146060000.0,0.26217599999999996
2022-02-20,153400000,15340000.0,10108599.199581403,7030000,34450000,4.6,10,3.3475,1.2622789585707985,200,0.22164200000000003,0.20811000000000002,0.10645,0.17338813404724057,200,119250000.0,-0.2226205997392438,1,2022,2,7,164410000.0,0.33273199999999997,151610000.0,0.223164,112340000.0,0.19833399999999998,155880000.0,0.294474,145440000.0,0.243968
2022-02-27,119250000,11925000.0,8207468.482357328,4970000,31560000,6.3,10,3.21,1.3143441027290346,200,0.254732,0.22287500000000002,0.09807,0.17700163944230846,200,166620000.0,0.39723270440251573,0,2022,2,8,153400000.0,0.22164200000000003,164410000.0,0.33273199999999997,151610000.0,0.223164,112340000.0,0.19833399999999998,147167500.0,0.2580675
2022-03-06,166620000,16662000.0,12912081.164552832,6710000,44450000,6.0,10,3.875,1.0154896843235433,200,0.44839,0.26783999999999997,0.058215,0.28828102076819134,200,185200000.0,0.1115112231424799,0,2022,3,9,119250000.0,0.254732,153400000.0,0.22164200000000003,164410000.0,0.33273199999999997,151610000.0,0.223164,150920000.0,0.31437400000000004
2022-03-13,185200000,18520000.0,26675618.913990434,5450000,92430000,6.8,10,3.925,1.0042521364267623,200,0.4886425,0.265105,0.05006000000000001,0.29879318617591705,200,175830000.0,-0.050593952483801295,0,2022,3,10,166620000.0,0.44839,119250000.0,0.254732,153400000.0,0.22164200000000003,164410000.0,0.33273199999999997,156117500.0,0.353351625
2022-03-20,175830000,17583000.0,24143216.231480014,5790000,85360000,5.4,10,3.2975000000000003,1.2608920647770725,200,0.40280949999999993,0.23465499999999997,0.073385,0.2007238684064868,200,122320000.0,-0.3043280441335381,1,2022,3,11,185200000.0,0.4886425,166620000.0,0.44839,119250000.0,0.254732,153400000.0,0.22164200000000003,161725000.0,0.3986435
2022-03-27,122320000,12232000.0,8175480.68583398,5750000,31700000,6.2,10,3.3175000000000003,1.27440303597164,200,0.3868065,0.23184999999999997,0.07689499999999999,0.18107293050262058,200,95910000.0,-0.2159090909090909,1,2022,3,12,175830000.0,0.40280949999999993,185200000.0,0.4886425,166620000.0,0.44839,119250000.0,0.254732,162492500.0,0.431662125
2022-04-03,95910000,9591000.0,3602512.8575605233,6140000,17720000,3.3,10,3.3551923076923074,1.3502254146850592,193,0.3304604230769231,0.22589615384615386,0.08756038461538461,0.19916769116932181,193,95600000.0,-0.0032321968512146805,0,2022,4,13,122320000.0,0.3868065,175830000.0,0.40280949999999993,185200000.0,0.4886425,166620000.0,0.44839,144815000.0,0.40217973076923075
2022-04-10,95600000,9560000.0,6439806.7603858365,4550000,26770000,4.6,10,3.4983333333333335,1.135207108118304,195,0.36376149999999996,0.22191833333333336,0.08460166666666666,0.21523860385993193,195,115640000.0,0.2096234309623431,0,2022,4,14,95910000.0,0.3304604230769231,122320000.0,0.3868065,175830000.0,0.40280949999999993,185200000.0,0.4886425,122415000.0,0.37095948076923074
2022-04-17,115640000,11564000.0,8996011.708900044,5750000,35900000,2.7,10,3.3383333333333334,1.1615942322152506,195,0.271342,0.20827833333333334,0.10204166666666667,0.1853632415480396,195,85380000.0,-0.26167416118989967,1,2022,4,15,95600000.0,0.36376149999999996,95910000.0,0.3304604230769231,122320000.0,0.3868065,175830000.0,0.40280949999999993,107367500.0,0.3380926057692307
2022-04-24,85380000,8538000.0,3381655.7417270546,4920000,15260000,4.1,10,2.8875,1.2370994559801711,195,0.231684,0.19130666666666668,0.10245166666666668,0.13812133619119665,195,158130000.0,0.8520730850316234,0,2022,4,16,115640000.0,0.271342,95600000.0,0.36376149999999996,95910000.0,0.3304604230769231,122320000.0,0.3868065,98132500.0,0.29931198076923077
2022-05-01,158130000,15813000.0,22435788.894829024,4540000,77980000,5.6,10,3.0255555555555556,1.2946309374888592,178,0.2342906111111111,0.18310777777777779,0.09047083333333333,0.14756583250397343,178,111620000.0,-0.2941250869537722,1,2022,5,17,85380000.0,0.231684,115640000.0,0.271342,95600000.0,0.36376149999999996,95910000.0,0.3304604230769231,113687500.0,0.2752695277777778
2022-05-08,111620000,11162000.0,6565877.786793713,6290000,27530000,3.2,10,2.9280555555555554,1.4217350374685684,178,0.25387911111111106,0.17826277777777777,0.09491583333333334,0.10096896262041799,178,159230000.0,0.42653646299946246,0,2022,5,18,158130000.0,0.2342906111111111,85380000.0,0.231684,115640000.0,0.271342,95600000.0,0.36376149999999996,117692500.0,0.24779893055555552
2022-05-15,159230000,15923000.0,15167261.563424472,4650000,55940000,3.7,10,2.9425,1.4378519163667374,188,0.285056,0.186495,0.09405749999999999,0.12728776200611866,188,181520000.0,0.13998618350813288,0,2022,5,19,111620000.0,0.25387911111111106,158130000.0,0.2342906111111111,85380000.0,0.231684,115640000.0,0.271342,128590000.0,0.2512274305555555
2022-05-22,181520000,18152000.0,17568593.063254163,6080000,62420000,4.1,10,2.955,1.5040329840129292,188,0.2485045,0.192735,0.11152250000000001,0.09385006808951135,188,124250000.0,-0.3155024239753195,1,2022,5,20,159230000.0,0.285056,111620000.0,0.25387911111111106,158130000.0,0.2342906111111111,85380000.0,0.231684,152625000.0,0.25543255555555555
2022-05-29,124250000,12425000.0,9677840.955272801,4610000,32630000,3.8,10,3.6149999999999998,1.3458597612920093,200,0.33671449999999997,0.21426499999999998,0.093765,0.14134446528102304,200,122450000.0,-0.01448692152917505,0,2022,5,21,181520000.0,0.2485045,159230000.0,0.285056,111620000.0,0.25387911111111106,158130000.0,0.2342906111111111,144155000.0,0.2810385277777777
2022-06-05,122450000,12245000.0,8879614.919077916,4820000,35600000,3.7,10,3.29,1.3531724247077146,200,0.27272549999999995,0.19177,0.101145,0.15409974762023873,200,182740000.0,0.49236423029808085,0,2022,6,22,124250000.0,0.33671449999999997,181520000.0,0.2485045,159230000.0,0.285056,111620000.0,0.25387911111111106,146862500.0,0.28575012499999997
2022-06-12,182740000,18274000.0,25596436.470727716,5510000,84580000,4.1,10,3.3571052631578944,1.3889898494471553,199,0.35030623684210527,0.2074113157894737,0.08000578947368421,0.15716328894523363,199,183880000.0,0.006238371456714457,0,2022,6,23,122450000.0,0.27272549999999995,124250000.0,0.33671449999999997,181520000.0,0.2485045,159230000.0,0.285056,152740000.0,0.3020626842105263
2022-06-19,183880000,18388000.0,16830013.401988458,4200000,57190000,4.4,10,3.2396052631578947,1.3032616135614206,199,0.38243823684210526,0.2246863157894737,0.0834507894736842,0.16710816968328412,199,212830000.0,0.15743963454426801,0,2022,6,24,182740000.0,0.35030623684210527,122450000.0,0.27272549999999995,124250000.0,0.33671449999999997,181520000.0,0.2485045,153330000.0,0.33554611842105264
2022-06-26,212830000,21283000.0,15549148.636929719,8350000,53890000,4.1,10,3.212105263157895,1.301946425381272,199,0.3166712368421053,0.2221413157894737,0.09670578947368422,0.1823602236677596,199,169910000.0,-0.20166329934689659,1,2022,6,25,183880000.0,0.38243823684210526,182740000.0,0.35030623684210527,122450000.0,0.27272549999999995,124250000.0,0.33671449999999997,175475000.0,0.33053530263157893
2022-07-03,169910000,16991000.0,17154369.34946248,4530000,62640000,3.9,10,3.1523391812865498,1.254945541476416,179,0.32873081871345033,0.22726812865497076,0.09522309941520467,0.1621409117315299,179,163200000.0,-0.03949149549761639,0,2022,7,26,212830000.0,0.3166712368421053,183880000.0,0.38243823684210526,182740000.0,0.35030623684210527,122450000.0,0.27272549999999995,187340000.0,0.3445366323099415
2022-07-10,163200000,16320000.0,9214451.210523127,7750000,33520000,4.6,10,3.6003846153846153,1.2215098158354922,193,0.3863125,0.24089115384615384,0.07875576923076924,0.20185380250611887,193,186130000.0,0.14050245098039216,0,2022,7,27,169910000.0,0.32873081871345033,212830000.0,0.3166712368421053,183880000.0,0.38243823684210526,182740000.0,0.35030623684210527,182455000.0,0.3535381980994152
2022-07-17,186130000,18613000.0,18937979.506213903,6170000,68110000,4.6,10,3.472884615384616,1.3013383413737407,193,0.4079655,0.23473615384615387,0.08104076923076922,0.1884290812642259,193,210090000.0,0.12872723365389782,0,2022,7,28,163200000.0,0.3863125,169910000.0,0.32873081871345033,212830000.0,0.3166712368421053,183880000.0,0.38243823684210526,183017500.0,0.3599200138888889
2022-07-24,210090000,21009000.0,25750788.747359004,4610000,88550000,4.4,10,3.3,1.3820098053546421,200,0.3928415,0.222195,0.09201000000000001,0.16310105988486714,200,215000000.0,0.023370936265410064,0,2022,7,29,186130000.0,0.4079655,163200000.0,0.3863125,169910000.0,0.32873081871345033,212830000.0,0.3166712368421053,182332500.0,0.3789625796783626
2022-07-31,215000000,21500000.0,29527260.850497685,4090000,96470000,5.9,10,3.4274999999999998,1.3387220616707396,187,0.5117320000000001,0.2503942857142857,0.07092142857142857,0.24723952081503492,187,241070000.0,0.12125581395348838,0,2022,7,30,210090000.0,0.3928415,186130000.0,0.4079655,163200000.0,0.3863125,169910000.0,0.32873081871345033,193605000.0,0.42471287500000005
2022-08-07,241070000,24107000.0,29124397.199293625,7950000,102590000,4.4,10,3.5725000000000002,1.2700568093323334,200,0.474581,0.24711500000000003,0.076305,0.23329234800563964,200,214760000.0,-0.10913842452399718,1,2022,8,31,215000000.0,0.5117320000000001,210090000.0,0.3928415,186130000.0,0.4079655,163200000.0,0.3863125,213072500.0,0.44678
2022-08-14,214760000,21476000.0,16914277.466750458,7270000,56510000,4.6,10,3.4200000000000004,1.2037824211293762,200,0.389838,0.24044,0.09067,0.21413138465965326,200,244100000.0,0.13661761966846714,0,2022,8,32,241070000.0,0.474581,215000000.0,0.5117320000000001,210090000.0,0.3928415,186130000.0,0.4079655,220230000.0,0.44224812500000005
2022-08-21,244100000,24410000.0,19438112.619856443,6990000,63390000,3.9,10,3.312962962962963,1.2128085059626377,175,0.43544444444444447,0.22304074074074073,0.0765037037037037,0.20420277106820106,175,202160000.0,-0.17181482998770994,1,2022,8,33,214760000.0,0.389838,241070000.0,0.474581,215000000.0,0.5117320000000001,210090000.0,0.3928415,228732500.0,0.4528988611111111
2022-08-28,202160000,20216000.0,15574507.80388688,10090000,59230000,3.0,10,2.7440476190476186,1.250936263425043,168,0.24697722222222224,0.18139523809523808,0.10226746031746033,0.12368311566537499,168,196170000.0,-0.029629996042738426,0,2022,8,34,244100000.0,0.43544444444444447,214760000.0,0.389838,241070000.0,0.474581,215000000.0,0.5117320000000001,225522500.0,0.3867101666666667
2022-09-04,196170000,19617000.0,17463038.459048938,6100000,56560000,3.6,10,3.073571428571429,1.215886198767957,194,0.388822,0.21783357142857143,0.08880214285714286,0.18840998508238044,194,156360000.0,-0.2029362287811592,1,2022,9,35,202160000.0,0.24697722222222224,244100000.0,0.43544444444444447,214760000.0,0.389838,241070000.0,0.474581,214297500.0,0.3652704166666667
2022-09-11,156360000,15636000.0,10065801.50807674,6510000,30210000,4.0,10,3.015,1.3250466651288941,200,0.28532100000000005,0.194775,0.09348500000000001,0.1507577231982754,200,110050000.0,-0.29617549245331287,1,2022,9,36,196170000.0,0.388822,202160000.0,0.24697722222222224,244100000.0,0.43544444444444447,214760000.0,0.389838,199697500.0,0.33914116666666666
2022-09-18,110050000,11005000.0,8460402.210034436,5250000,27190000,4.4,10,3.0324999999999998,1.3908488690553285,200,0.3109315,0.21469999999999997,0.085705,0.18933908045602849,200,144220000.0,0.3104952294411631,0,2022,9,37,156360000.0,0.28532100000000005,196170000.0,0.388822,202160000.0,0.24697722222222224,244100000.0,0.43544444444444447,166185000.0,0.30801293055555556
2022-09-25,144220000,14422000.0,14600868.162924802,5130000,42550000,2.7,10,3.1700000000000004,1.326585631147457,200,0.3710405,0.225825,0.091405,0.20316484952948133,200,157500000.0,0.09208154208847594,0,2022,9,38,110050000.0,0.3109315,156360000.0,0.28532100000000005,196170000.0,0.388822,202160000.0,0.24697722222222224,151700000.0,0.33902875000000005
2022-10-02,157500000,15750000.0,14396576.75359744,5170000,46190000,2.6,10,3.2930555555555556,1.3193634430860917,198,0.27173416666666667,0.18973555555555555,0.10426055555555555,0.17408239030743627,198,167540000.0,0.06374603174603174,0,2022,10,39,144220000.0,0.3710405,110050000.0,0.3109315,156360000.0,0.28532100000000005,196170000.0,0.388822,142032500.0,0.3097567916666667
2022-10-09,167540000,16754000.0,12667155.429166669,7090000,43080000,6.1,10,3.363964646464646,1.3036733138706738,189,0.322653893939394,0.1968728282828283,0.09218873737373737,0.17206404042757933,189,171140000.0,0.021487405992598782,0,2022,10,40,157500000.0,0.27173416666666667,144220000.0,0.3710405,110050000.0,0.3109315,156360000.0,0.28532100000000005,144827500.0,0.31909001515151514
2022-10-16,171140000,17114000.0,15700973.218243511,5600000,57010000,6.0,10,3.345909090909091,1.3572402332052198,191,0.40238322727272735,0.2068472727272727,0.07907318181818182,0.18532864331672255,191,185010000.0,0.08104475867710646,0,2022,10,41,167540000.0,0.322653893939394,157500000.0,0.27173416666666667,144220000.0,0.3710405,110050000.0,0.3109315,160100000.0,0.341952946969697
2022-10-23,185010000,18501000.0,22274863.486300725,4920000,78830000,6.1,10,3.34,1.4073583311831441,200,0.3997565,0.22063000000000002,0.08029,0.19075109369340068,200,162040000.0,-0.12415545105669963,1,2022,10,42,171140000.0,0.40238322727272735,167540000.0,0.322653893939394,157500000.0,0.27173416666666667,144220000.0,0.3710405,170297500.0,0.34913194696969696
2022-10-30,162040000,16204000.0,21532555.30070172,3940000,68310000,6.1,10,3.203333333333333,1.3841250150323372,182,0.2814205,0.2009716666666667,0.09489,0.1796138894998101,182,199850000.0,0.23333744754381633,0,2022,10,43,185010000.0,0.3997565,171140000.0,0.40238322727272735,167540000.0,0.322653893939394,157500000.0,0.27173416666666667,171432500.0,0.3515535303030303
2022-11-06,199850000,19985000.0,17919319.958574817,5030000,64080000,3.3,10,3.7458333333333336,1.1645833034075939,174,0.4240365,0.24043166666666668,0.07664,0.27573710887815045,174,216460000.0,0.08311233425068802,0,2022,11,44,162040000.0,0.2814205,185010000.0,0.3997565,171140000.0,0.40238322727272735,167540000.0,0.322653893939394,179510000.0,0.3768991818181818
2022-11-13,216460000,21646000.0,18562174.920460634,7920000,62860000,4.0,10,3.6125,1.2878170128265434,200,0.4341315,0.25488,0.075325,0.25913964909616716,200,191490000.0,-0.1153561859003973,1,2022,11,45,199850000.0,0.4240365,162040000.0,0.2814205,185010000.0,0.3997565,171140000.0,0.40238322727272735,190840000.0,0.38483625
2022-11-20,191490000,19149000.0,10853530.352429623,7500000,37850000,3.4,10,3.63375,1.170400368154041,177,0.319722625,0.22482375000000002,0.1044975,0.22823656965458472,177,189890000.0,-0.008355527703796543,0,2022,11,46,216460000.0,0.4341315,199850000.0,0.4240365,162040000.0,0.2814205,185010000.0,0.3997565,192460000.0,0.36482778125
2022-11-27,189890000,18989000.0,12467961.118179847,7290000,45430000,3.5,10,3.3600000000000003,1.3476679756831373,177,0.43608787499999996,0.23838749999999997,0.078945,0.22032719211352286,177,148610000.0,-0.21738901469271685,1,2022,11,47,191490000.0,0.319722625,216460000.0,0.4341315,199850000.0,0.4240365,162040000.0,0.2814205,199422500.0,0.403494625
2022-12-04,148610000,14861000.0,7749326.063887391,7610000,27630000,3.4,10,3.238392857142857,1.4185040731143839,168,0.39374739285714283,0.21951517857142858,0.08243678571428573,0.18334408763475823,168,158230000.0,0.06473319426687302,0,2022,12,48,189890000.0,0.43608787499999996,191490000.0,0.319722625,216460000.0,0.4341315,199850000.0,0.4240365,186612500.0,0.3959223482142857
2022-12-11,158230000,15823000.0,8020644.2661699215,9590000,29030000,2.9,10,3.7275,1.2643918766956295,170,0.4370943333333333,0.23234499999999997,0.07274833333333333,0.21885414190309538,170,137070000.0,-0.1337293812804146,1,2022,12,49,148610000.0,0.39374739285714283,189890000.0,0.43608787499999996,191490000.0,0.319722625,216460000.0,0.4341315,172055000.0,0.396663056547619
2022-12-18,137070000,13707000.0,10425273.830669602,5560000,39380000,4.0,10,3.6661842105263163,1.2713149825627394,194,0.4013350614035088,0.2147693859649123,0.0806317543859649,0.2117808080142678,194,192760000.0,0.40628875756912525,0,2022,12,50,158230000.0,0.4370943333333333,148610000.0,0.39374739285714283,189890000.0,0.43608787499999996,191490000.0,0.319722625,158450000.0,0.4170661656484962
2022-12-25,192760000,19276000.0,22836861.13866498,7170000,82140000,4.6,10,3.438684210526316,1.3871757843470436,194,0.3680195614035088,0.20878438596491228,0.08912175438596492,0.1846666354824409,194,254260000.0,0.3190495953517327,0,2022,12,51,137070000.0,0.4013350614035088,158230000.0,0.4370943333333333,148610000.0,0.39374739285714283,189890000.0,0.43608787499999996,159167500.0,0.40004908724937344
2023-01-01,254260000,25426000.0,37165677.17666396,6940000,127250000,4.2,10,3.4475000000000002,1.4344253185096938,200,0.33636699999999997,0.219495,0.085795,0.18396957061139255,200,177860000.0,-0.300479823802407,1,2023,1,52,192760000.0,0.3680195614035088,137070000.0,0.4013350614035088,158230000.0,0.4370943333333333,148610000.0,0.39374739285714283,185580000.0,0.3857039890350877
2023-01-08,177860000,17786000.0,14202621.980152506,6500000,44320000,5.0,10,3.3049999999999997,1.266458787447768,200,0.36752550000000006,0.22781,0.076315,0.18325003233597997,200,139900000.0,-0.21342629034071742,1,2023,1,1,254260000.0,0.33636699999999997,192760000.0,0.3680195614035088,137070000.0,0.4013350614035088,158230000.0,0.4370943333333333,190487500.0,0.3683117807017544
2023-01-15,139900000,13990000.0,11137828.433865473,4850000,39860000,4.5,10,3.4825000000000004,1.2755410884658491,200,0.3044325,0.221305,0.08718500000000001,0.19036275810687,200,85490000.0,-0.38892065761258043,1,2023,1,2,177860000.0,0.36752550000000006,254260000.0,0.33636699999999997,192760000.0,0.3680195614035088,137070000.0,0.4013350614035088,191195000.0,0.3440861403508772
2023-01-22,85490000,8549000.0,5321466.9030258935,3790000,20910000,5.1,10,3.4299999999999997,1.0720699892345837,182,0.3039545,0.21178,0.08084,0.21446086498089345,182,113760000.0,0.33068195110539245,0,2023,1,3,139900000.0,0.3044325,177860000.0,0.36752550000000006,254260000.0,0.33636699999999997,192760000.0,0.3680195614035088,164377500.0,0.328069875
2023-01-29,113760000,11376000.0,15733991.65289385,3790000,55650000,5.5,10,3.3125,1.220800705375275,200,0.33944500000000005,0.22199,0.093185,0.19698113806077533,200,168430000.0,0.4805731364275668,0,2023,1,4,85490000.0,0.3039545,139900000.0,0.3044325,177860000.0,0.36752550000000006,254260000.0,0.33636699999999997,129252500.0,0.32883937500000004
2023-02-05,168430000,16843000.0,18219361.52680561,4790000,65610000,4.0,10,3.0909615384615385,1.3508678334554378,193,0.2849623076923077,0.21187384615384616,0.08700807692307692,0.15032392165329211,193,153610000.0,-0.08798907558035979,0,2023,2,5,113760000.0,0.33944500000000005,85490000.0,0.3039545,139900000.0,0.3044325,177860000.0,0.36752550000000006,126895000.0,0.30819857692307695
2023-02-12,153610000,15361000.0,13794535.512296164,5390000,51230000,3.6,10,3.110128205128205,1.3796997087703684,185,0.32332964102564105,0.21549384615384617,0.08406641025641026,0.14448887156277251,185,121370000.0,-0.20988216912961397,1,2023,2,6,168430000.0,0.2849623076923077,113760000.0,0.33944500000000005,85490000.0,0.3039545,139900000.0,0.3044325,130322500.0,0.3129228621794872
2023-02-19,121370000,12137000.0,14923360.546472099,4330000,53810000,3.7,10,3.3200000000000003,1.242884436381479,200,0.316106,0.21328,0.08528,0.1692809665541938,200,152050000.0,0.25278075306912745,0,2023,2,7,153610000.0,0.32332964102564105,168430000.0,0.2849623076923077,113760000.0,0.33944500000000005,85490000.0,0.3039545,139292500.0,0.3159607371794872
2023-02-26,152050000,15205000.0,11756609.72484084,6070000,40470000,3.4,10,3.2475,1.2239921348217386,200,0.22192800000000004,0.20253000000000002,0.0928,0.14321559619048466,200,115810000.0,-0.2383426504439329,1,2023,2,8,121370000.0,0.316106,153610000.0,0.32332964102564105,168430000.0,0.2849623076923077,113760000.0,0.33944500000000005,148865000.0,0.28658148717948717
2023-03-05,115810000,11581000.0,11227783.446037384,5620000,42620000,3.6,10,3.1100000000000003,1.3462590551469629,200,0.275642,0.20659999999999998,0.103975,0.1522265071452073,200,148610000.0,0.2832225196442449,0,2023,3,9,152050000.0,0.22192800000000004,121370000.0,0.316106,153610000.0,0.32332964102564105,168430000.0,0.2849623076923077,135710000.0,0.28425141025641026
2023-03-12,148610000,14861000.0,18623862.500685632,5540000,65920000,4.1,10,3.585,1.2344340597536008,200,0.42410999999999993,0.23618,0.08058000000000001,0.233553113047213,200,146220000.0,-0.0160823632326223,0,2023,3,10,115810000.0,0.275642,152050000.0,0.22192800000000004,121370000.0,0.316106,153610000.0,0.32332964102564105,134460000.0,0.3094465
2023-03-19,146220000,14622000.0,19747960.119690564,4030000,69540000,3.0,10,3.3449999999999998,1.363592160859914,192,0.2664763333333333,0.20328666666666667,0.09857166666666667,0.17414273743283396,192,86840000.0,-0.40610039666256326,1,2023,3,11,148610000.0,0.42410999999999993,115810000.0,0.275642,152050000.0,0.22192800000000004,121370000.0,0.316106,140672500.0,0.29703908333333334
2023-03-26,86840000,8684000.0,7052816.93131664,3540000,24700000,3.7,10,3.400555555555555,1.3411117743509238,190,0.26774655555555554,0.201145,0.09335166666666668,0.1457305625509767,190,132870000.0,0.5300552740672502,0,2023,3,12,146220000.0,0.2664763333333333,148610000.0,0.42410999999999993,115810000.0,0.275642,152050000.0,0.22192800000000004,124370000.0,0.30849372222222216
2023-04-02,132870000,13287000.0,19201293.388149086,3200000,64420000,4.8,10,3.4105555555555553,1.2810331944502822,198,0.3432207222222223,0.22015333333333334,0.08313000000000001,0.1755745301085783,198,171300000.0,0.28923007450891847,0,2023,4,13,86840000.0,0.26774655555555554,146220000.0,0.2664763333333333,148610000.0,0.42410999999999993,115810000.0,0.275642,128635000.0,0.32538840277777775
2023-04-09,171300000,17130000.0,16309789.834465813,7420000,59840000,4.0,10,3.490555555555556,1.21358226254044,198,0.38193122222222226,0.22796333333333335,0.08343500000000001,0.19925058049131644,198,133200000.0,-0.2224168126094571,1,2023,4,14,132870000.0,0.3432207222222223,86840000.0,0.26774655555555554,146220000.0,0.2664763333333333,148610000.0,0.42410999999999993,134307500.0,0.3148437083333333
2023-04-16,133200000,13320000.0,10189660.336722603,5890000,35500000,3.9,10,3.4180555555555556,1.2053819928357707,198,0.4149952222222223,0.23099833333333333,0.08010500000000001,0.20853210003647132,198,101020000.0,-0.2415915915915916,1,2023,4,15,171300000.0,0.38193122222222226,132870000.0,0.3432207222222223,86840000.0,0.26774655555555554,146220000.0,0.2664763333333333,131052500.0,0.3519734305555556
2023-04-23,101020000,10102000.0,6281444.98591774,4430000,25700000,2.8,10,3.2175,1.314124153999873,200,0.37282899999999997,0.2192,0.094045,0.1996142950095424,200,72480000.0,-0.2825183132053059,1,2023,4,16,133200000.0,0.4149952222222223,171300000.0,0.38193122222222226,132870000.0,0.3432207222222223,86840000.0,0.26774655555555554,134597500.0,0.3782440416666667
2023-04-30,72480000,7248000.0,5313880.774809394,3300000,20920000,5.1,10,3.5,1.2309126319357837,200,0.451539,0.238875,0.080485,0.23884266211699332,200,81740000.0,0.12775938189845473,0,2023,4,17,101020000.0,0.37282899999999997,133200000.0,0.4149952222222223,171300000.0,0.38193122222222226,132870000.0,0.3432207222222223,119500000.0,0.40532361111111115
2023-05-07,81740000,8174000.0,2824056.1845213585,5070000,13480000,3.1,10,3.2825,1.2065487485710438,200,0.302489,0.205735,0.096865,0.19302143692920576,200,149950000.0,0.8344751651578175,0,2023,5,18,72480000.0,0.451539,101020000.0,0.37282899999999997,133200000.0,0.4149952222222223,171300000.0,0.38193122222222226,97110000.0,0.3854630555555556
2023-05-14,149950000,14995000.0,24575438.61934784,4520000,83710000,3.7,10,3.25,1.2578195219690955,200,0.2748115,0.19542,0.09222,0.17655142336184187,200,160350000.0,0.06935645215071691,0,2023,5,19,81740000.0,0.302489,72480000.0,0.451539,101020000.0,0.37282899999999997,133200000.0,0.4149952222222223,101297500.0,0.350417125
2023-05-21,160350000,16035000.0,27830384.374716144,3330000,94420000,3.4,10,3.7175,1.2647580516026697,192,0.3709906666666667,0.21922833333333336,0.07356666666666667,0.20223445101404036,192,114230000.0,-0.2876208294356096,1,2023,5,20,149950000.0,0.2748115,81740000.0,0.302489,72480000.0,0.451539,101020000.0,0.37282899999999997,116130000.0,0.3499575416666667
2023-05-28,114230000,11423000.0,9498302.83085703,5350000,34690000,4.7,10,3.6075000000000004,1.2826103435826135,182,0.28714666666666666,0.20115000000000002,0.09668666666666667,0.15966787689442724,182,76430000.0,-0.3309113192681432,1,2023,5,21,160350000.0,0.3709906666666667,149950000.0,0.2748115,81740000.0,0.302489,72480000.0,0.451539,126567500.0,0.30885945833333334
2023-06-04,76430000,7643000.0,3663868.781007917,4160000,16480000,4.8,10,3.4324999999999997,1.3309109314395093,200,0.38942,0.23104,0.09661,0.18680055319816963,200,81920000.0,0.07183043307601727,0,2023,6,22,114230000.0,0.28714666666666666,160350000.0,0.3709906666666667,149950000.0,0.2748115,81740000.0,0.302489,125240000.0,0.33059220833333336
2023-06-11,81920000,8192000.0,3141789.299109665,4950000,13890000,4.8,10,3.62,1.175863835691916,200,0.3903545,0.23650499999999997,0.081595,0.19634523078054922,200,151300000.0,0.846923828125,0,2023,6,23,76430000.0,0.38942,114230000.0,0.28714666666666666,160350000.0,0.3709906666666667,149950000.0,0.2748115,108232500.0,0.35947795833333335
2023-06-18,151300000,15130000.0,26123086.85179963,4000000,88400000,6.6,10,3.7024999999999997,1.0912139441520863,200,0.42398199999999997,0.227325,0.072205,0.23179610993455588,200,181400000.0,0.19894249834765368,0,2023,6,24,81920000.0,0.3903545,76430000.0,0.38942,114230000.0,0.28714666666666666,160350000.0,0.3709906666666667,105970000.0,0.37272579166666664
2023-06-25,181400000,18140000.0,25271380.38704389,4100000,87300000,5.8,10,3.631388888888889,1.2187454730899558,198,0.35886805555555557,0.22802333333333333,0.08367333333333334,0.2113715938280118,198,115600000.0,-0.3627342888643881,1,2023,6,25,151300000.0,0.42398199999999997,81920000.0,0.3903545,76430000.0,0.38942,114230000.0,0.28714666666666666,122762500.0,0.3906561388888889
2023-07-02,115600000,11560000.0,9799909.296632404,4900000,36200000,4.5,10,3.4520138888888887,1.253384358093468,194,0.3320573055555555,0.21487583333333332,0.07692458333333332,0.19987151758200855,194,116600000.0,0.00865051903114187,0,2023,7,26,181400000.0,0.35886805555555557,151300000.0,0.42398199999999997,81920000.0,0.3903545,76430000.0,0.38942,132555000.0,0.3763154652777777
2023-07-09,116600000,11660000.0,7864152.14049734,6300000,31700000,2.8,10,3.3378977272727277,1.3329204848863192,187,0.3493805681818182,0.22096477272727272,0.08235034090909091,0.182473535900115,187,108800000.0,-0.06689536878216124,0,2023,7,27,115600000.0,0.3320573055555555,181400000.0,0.35886805555555557,151300000.0,0.42398199999999997,81920000.0,0.3903545,141225000.0,0.3660719823232323
2023-07-16,108800000,10880000.0,12728515.668023162,3200000,46300000,5.7,10,3.521666666666667,1.0926697729395558,195,0.32164566666666666,0.22163666666666665,0.09207333333333333,0.20563374643840054,195,96700000.0,-0.11121323529411764,1,2023,7,28,116600000.0,0.3493805681818182,115600000.0,0.3320573055555555,181400000.0,0.35886805555555557,151300000.0,0.42398199999999997,130600000.0,0.340487898989899
2023-07-23,96700000,9670000.0,4234264.989345849,4600000,19500000,3.5,10,3.9200000000000004,1.1302281694861944,200,0.413844,0.25000999999999995,0.08248,0.2551300618127139,200,142700000.0,0.4756980351602896,0,2023,7,29,108800000.0,0.32164566666666666,116600000.0,0.3493805681818182,115600000.0,0.3320573055555555,181400000.0,0.35886805555555557,109425000.0,0.35423188510101006
2023-07-30,142700000,14270000.0,10409509.54122666,5600000,37800000,3.6,10,3.524469696969697,1.140104103154035,177,0.43087631818181815,0.2548115151515152,0.08668863636363636,0.2210535453485331,177,129200000.0,-0.09460406447091801,0,2023,7,30,96700000.0,0.413844,108800000.0,0.32164566666666666,116600000.0,0.3493805681818182,115600000.0,0.3320573055555555,116200000.0,0.37893663825757573
2023-08-06,129200000,12920000.0,11791126.607185027,3900000,40500000,2.5,10,2.703309409888357,1.325664210397254,170,0.17409643540669859,0.1871099681020734,0.1203025784157363,0.11206367613143102,170,149400000.0,0.1563467492260062,0,2023,8,31,142700000.0,0.43087631818181815,96700000.0,0.413844,108800000.0,0.32164566666666666,116600000.0,0.3493805681818182,119350000.0,0.33511560506379584
2023-08-13,149400000,14940000.0,19344720.784292087,5900000,69600000,4.6,10,2.7125,1.3036331711037894,182,0.187428,0.17984,0.11232500000000001,0.16108848386843483,182,136200000.0,-0.08835341365461848,0,2023,8,32,129200000.0,0.17409643540669859,142700000.0,0.43087631818181815,96700000.0,0.413844,108800000.0,0.32164566666666666,129500000.0,0.3015611883971292
2023-08-20,136200000,13620000.0,21413225.40446026,3400000,74000000,4.5,10,3.2275,1.3244014895120655,182,0.317512,0.20343499999999998,0.08908999999999999,0.22994826993370127,182,124500000.0,-0.08590308370044053,0,2023,8,33,149400000.0,0.187428,129200000.0,0.17409643540669859,142700000.0,0.43087631818181815,96700000.0,0.413844,139375000.0,0.27747818839712923
2023-08-27,124500000,12450000.0,8611136.200680295,4800000,28500000,4.6,10,3.4550000000000005,1.3380305031421058,200,0.43461800000000006,0.23763,0.06737,0.24107541021227555,200,107000000.0,-0.14056224899598393,1,2023,8,34,136200000.0,0.317512,149400000.0,0.187428,129200000.0,0.17409643540669859,142700000.0,0.43087631818181815,134825000.0,0.27841360885167465
2023-09-03,107000000,10700000.0,10009328.981838226,4100000,37900000,4.7,10,3.120921052631579,1.4916805925367465,199,0.34072963157894737,0.22140815789473683,0.09372763157894737,0.18194662335394202,199,79100000.0,-0.2607476635514019,1,2023,9,35,124500000.0,0.43461800000000006,136200000.0,0.317512,149400000.0,0.187428,129200000.0,0.17409643540669859,129275000.0,0.3200719078947369
2023-09-10,79100000,7910000.0,2726189.8523600865,5900000,15300000,7.0,10,3.318421052631579,1.4238006836848283,199,0.3926806315789474,0.22487815789473684,0.07859763157894736,0.18969446937078013,199,68800000.0,-0.1302149178255373,1,2023,9,36,107000000.0,0.34072963157894737,124500000.0,0.43461800000000006,136200000.0,0.317512,149400000.0,0.187428,111700000.0,0.3713850657894737
2023-09-17,68800000,6880000.0,5176614.080007639,4300000,21400000,6.6,10,3.2775,1.3841228575530307,200,0.33913099999999996,0.22352499999999997,0.072025,0.16288583985483304,200,92000000.0,0.3372093023255814,0,2023,9,37,79100000.0,0.3926806315789474,107000000.0,0.34072963157894737,124500000.0,0.43461800000000006,136200000.0,0.317512,94850000.0,0.3767898157894737
2023-09-24,92000000,9200000.0,5717808.437971084,4000000,23000000,2.4,10,3.1375,1.4685703994767156,192,0.28785866666666665,0.1990283333333333,0.09354833333333333,0.1690426287583428,192,141300000.0,0.5358695652173913,0,2023,9,38,68800000.0,0.33913099999999996,79100000.0,0.3926806315789474,107000000.0,0.34072963157894737,124500000.0,0.43461800000000006,86725000.0,0.34009998245614037
2023-10-01,141300000,14130000.0,11071188.835090034,4500000,40200000,2.4,10,3.2125,1.3603908754863379,188,0.2928402916666667,0.20346583333333332,0.08697708333333334,0.17157248150422094,188,135800000.0,-0.038924274593064405,0,2023,10,39,92000000.0,0.28785866666666665,68800000.0,0.33913099999999996,79100000.0,0.3926806315789474,107000000.0,0.34072963157894737,95300000.0,0.32812764747807016
2023-10-08,135800000,13580000.0,12222092.928609058,7100000,45100000,2.6,10,3.0475,1.3257081143929454,188,0.28837429166666667,0.19923083333333333,0.08318208333333334,0.14140100849029594,188,112800000.0,-0.16936671575846834,1,2023,10,40,141300000.0,0.2928402916666667,92000000.0,0.28785866666666665,68800000.0,0.33913099999999996,79100000.0,0.3926806315789474,109475000.0,0.3020510625
2023-10-15,112800000,11280000.0,9890938.614037935,5300000,32300000,2.8,10,3.4325,1.2139319979764296,200,0.3428755,0.212215,0.08132500000000001,0.19238004176574341,200,103700000.0,-0.08067375886524823,0,2023,10,41,135800000.0,0.28837429166666667,141300000.0,0.2928402916666667,92000000.0,0.28785866666666665,68800000.0,0.33913099999999996,120475000.0,0.3029871875
2023-10-22,103700000,10370000.0,5792533.508271182,5400000,23100000,2.6,10,3.1577941176470588,1.3128327053205369,197,0.2802368823529412,0.22034323529411765,0.08707176470588236,0.13756377953333138,197,125300000.0,0.20829315332690454,0,2023,10,42,112800000.0,0.3428755,135800000.0,0.28837429166666667,141300000.0,0.2928402916666667,92000000.0,0.28785866666666665,123400000.0,0.3010817414215686
2023-10-29,125300000,12530000.0,10294232.473682642,3900000,29300000,4.3,10,3.3825000000000003,1.377074999126206,200,0.28442100000000003,0.1995,0.0866,0.17376455273027494,200,143800000.0,0.14764565043894654,0,2023,10,43,103700000.0,0.2802368823529412,112800000.0,0.3428755,135800000.0,0.28837429166666667,141300000.0,0.2928402916666667,119400000.0,0.298976918504902
2023-11-05,143800000,14380000.0,9591871.558773084,6600000,31700000,3.7,10,3.405,1.2718744621731588,200,0.3218475,0.20029,0.091035,0.18230993870128426,200,166700000.0,0.1592489568845619,0,2023,11,44,125300000.0,0.28442100000000003,103700000.0,0.2802368823529412,112800000.0,0.3428755,135800000.0,0.28837429166666667,121400000.0,0.3073452205882353
2023-11-12,166700000,16670000.0,15000818.496187318,6100000,55700000,3.1,10,3.3,1.217840746075846,200,0.259471,0.188025,0.10203999999999999,0.18036435700756176,200,122900000.0,-0.262747450509898,1,2023,11,45,143800000.0,0.3218475,125300000.0,0.28442100000000003,103700000.0,0.2802368823529412,112800000.0,0.3428755,134875000.0,0.28649409558823535
2023-11-19,122900000,12290000.0,12508348.323331015,3800000,44500000,4.2,10,3.21,1.191266501416877,200,0.321616,0.21463000000000002,0.10505499999999998,0.17069482060625352,200,142700000.0,0.161106590724166,0,2023,11,46,166700000.0,0.259471,143800000.0,0.3218475,125300000.0,0.28442100000000003,103700000.0,0.2802368823529412,139675000.0,0.296838875
2023-11-26,142700000,14270000.0,17439549.56095165,4100000,61700000,4.9,10,3.54,1.159619570635491,200,0.40334349999999997,0.23005,0.082265,0.19781795664007457,200,133600000.0,-0.06377014716187807,0,2023,11,47,122900000.0,0.321616,166700000.0,0.259471,143800000.0,0.3218475,125300000.0,0.28442100000000003,144025000.0,0.32656949999999996
2023-12-03,133600000,13360000.0,14477200.466020126,4800000,42100000,6.6,10,3.35625,1.2401155901286394,188,0.36636124999999997,0.21408,0.0875175,0.15325444822539533,188,241600000.0,0.8083832335329342,0,2023,12,48,142700000.0,0.40334349999999997,122900000.0,0.321616,166700000.0,0.259471,143800000.0,0.3218475,141475000.0,0.3376979375
2023-12-10,241600000,24160000.0,27418007.05943288,6300000,98700000,5.0,10,3.17375,1.3623958779307628,188,0.24651625,0.189105,0.10448249999999999,0.13609751350389504,188,212500000.0,-0.12044701986754967,1,2023,12,49,133600000.0,0.36636124999999997,142700000.0,0.40334349999999997,122900000.0,0.321616,166700000.0,0.259471,160200000.0,0.33445925
2023-12-17,212500000,21250000.0,30249967.86040533,5700000,106200000,6.3,10,3.31,1.0579078967264697,165,0.286104,0.18039500000000003,0.084715,0.13443489259523006,165,196800000.0,-0.07388235294117647,0,2023,12,50,241600000.0,0.24651625,133600000.0,0.36636124999999997,142700000.0,0.40334349999999997,122900000.0,0.321616,182600000.0,0.32558124999999993
2023-12-24,196800000,19680000.0,17047762.96826719,7600000,54100000,7.3,10,3.375,1.191008929917576,181,0.362832,0.19995000000000002,0.07667500000000001,0.1515736729229576,181,207900000.0,0.056402439024390245,0,2023,12,51,212500000.0,0.286104,241600000.0,0.24651625,133600000.0,0.36636124999999997,142700000.0,0.40334349999999997,196125000.0,0.315453375
2023-12-31,207900000,20790000.0,21103314.642228335,9100000,77000000,5.6,10,3.124791666666667,1.297546635609279,188,0.34071458333333327,0.19242750000000003,0.08431458333333333,0.1509075752996239,188,148800000.0,-0.2842712842712843,1,2023,12,52,196800000.0,0.362832,212500000.0,0.286104,241600000.0,0.24651625,133600000.0,0.36636124999999997,214700000.0,0.30904170833333333
2024-01-07,148800000,14880000.0,7310388.346577615,7700000,26800000,5.5,10,3.1609210526315787,1.3899096317771025,199,0.30440531578947366,0.1996084210526316,0.09568736842105263,0.17642767324407513,199,129900000.0,-0.12701612903225806,1,2024,1,1,207900000.0,0.34071458333333327,196800000.0,0.362832,212500000.0,0.286104,241600000.0,0.24651625,191500000.0,0.32351397478070176
2024-01-14,129900000,12990000.0,16048568.645070985,6000000,58500000,6.2,10,3.175,1.28489358756177,200,0.307335,0.199775,0.092185,0.16308234997694498,200,146400000.0,0.12702078521939955,0,2024,1,2,148800000.0,0.30440531578947366,207900000.0,0.34071458333333327,196800000.0,0.362832,212500000.0,0.286104,170850000.0,0.32882172478070176
2024-01-21,146400000,14640000.0,18041692.45571675,5800000,65400000,5.0,10,3.66,1.1301652359029184,200,0.39577999999999997,0.238105,0.0749,0.23085223636423763,200,112700000.0,-0.2301912568306011,1,2024,1,3,129900000.0,0.307335,148800000.0,0.30440531578947366,207900000.0,0.34071458333333327,196800000.0,0.362832,158250000.0,0.33705872478070176
2024-01-28,112700000,11270000.0,7835255.083417656,5100000,31000000,4.8,10,3.4725,1.2304716885041407,200,0.3675535,0.22569499999999998,0.088695,0.1811679889278146,200,100800000.0,-0.10559006211180125,1,2024,1,4,146400000.0,0.39577999999999997,129900000.0,0.307335,148800000.0,0.30440531578947366,207900000.0,0.34071458333333327,134450000.0,0.3437684539473684
2024-02-04,100800000,10080000.0,4786508.818195852,5300000,19200000,5.4,10,3.2,1.2574940338961986,200,0.23528349999999998,0.19763999999999998,0.10581,0.1386237242149731,200,133900000.0,0.32837301587301587,0,2024,2,5,112700000.0,0.3675535,146400000.0,0.39577999999999997,129900000.0,0.307335,148800000.0,0.30440531578947366,122450000.0,0.326488
2024-02-11,133900000,13390000.0,5417758.864245539,6800000,23900000,7.4,10,3.2924999999999995,1.2379519827666043,200,0.3018005,0.19402999999999998,0.09102,0.18985102224710354,200,128700000.0,-0.038834951456310676,0,2024,2,6,100800000.0,0.23528349999999998,112700000.0,0.3675535,146400000.0,0.39577999999999997,129900000.0,0.307335,123450000.0,0.325104375
2024-02-18,128700000,12870000.0,7243548.8539803475,6200000,28500000,7.1,10,3.1175,1.2902721069274254,200,0.2695415,0.1851,0.09128,0.15762082969465524,200,107600000.0,-0.16394716394716394,1,2024,2,7,133900000.0,0.3018005,100800000.0,0.23528349999999998,112700000.0,0.3675535,146400000.0,0.39577999999999997,119025000.0,0.29354474999999997
2024-02-25,107600000,10760000.0,7792475.002633416,5500000,32000000,4.4,10,2.8925,1.4023492017236758,200,0.20598099999999997,0.170775,0.11215,0.11032100662895308,200,137100000.0,0.2741635687732342,0,2024,2,8,128700000.0,0.2695415,133900000.0,0.3018005,100800000.0,0.23528349999999998,112700000.0,0.3675535,117750000.0,0.253151625
2024-03-03,137100000,13710000.0,11898314.539836677,4300000,36900000,6.3,10,3.245,1.3607768785155256,200,0.3207705,0.1837,0.08208,0.18368461051255505,200,149000000.0,0.08679795769511306,0,2024,3,9,107600000.0,0.20598099999999997,128700000.0,0.2695415,133900000.0,0.3018005,100800000.0,0.23528349999999998,126825000.0,0.274523375
2024-03-10,149000000,14900000.0,18488494.921016272,4400000,64800000,8.2,10,3.2575000000000003,1.274420557981789,200,0.36885,0.205465,0.075115,0.18334242094214281,200,173100000.0,0.16174496644295303,0,2024,3,10,137100000.0,0.3207705,107600000.0,0.20598099999999997,128700000.0,0.2695415,133900000.0,0.3018005,130600000.0,0.29128575
2024-03-17,173100000,17310000.0,27775946.828546137,4300000,93200000,5.0,10,3.5675,1.1883441092091434,200,0.419717,0.23958500000000002,0.07113,0.2167486949378954,200,136500000.0,-0.21143847487001732,1,2024,3,11,149000000.0,0.36885,137100000.0,0.3207705,107600000.0,0.20598099999999997,128700000.0,0.2695415,141700000.0,0.328829625
2024-03-24,136500000,13650000.0,12986510.094880935,5000000,40000000,4.6,10,3.7175,1.1867313678967586,200,0.48420699999999994,0.251595,0.07037,0.24722200243498044,200,108400000.0,-0.20586080586080585,1,2024,3,12,173100000.0,0.419717,149000000.0,0.36885,137100000.0,0.3207705,107600000.0,0.20598099999999997,148925000.0,0.39838612500000004
2024-03-31,108400000,10840000.0,5639779.349505715,5800000,19700000,2.5,10,3.21,1.4774468597035937,200,0.3106005,0.22715000000000002,0.102465,0.16935393314853947,200,120900000.0,0.11531365313653137,0,2024,3,13,136500000.0,0.48420699999999994,173100000.0,0.419717,149000000.0,0.36885,137100000.0,0.3207705,141750000.0,0.395843625
2024-04-07,120900000,12090000.0,4175177.973585211,7100000,19500000,2.7,10,3.4125,1.2986385319673446,200,0.35509650000000004,0.19737999999999997,0.07724,0.17538283116882397,200,113600000.0,-0.060380479735318446,0,2024,4,14,108400000.0,0.3106005,136500000.0,0.48420699999999994,173100000.0,0.419717,149000000.0,0.36885,134725000.0,0.39240525000000004
2024-04-14,113600000,11360000.0,6856173.211866157,5200000,26100000,3.4,10,3.045,1.339590947528784,200,0.252429,0.188855,0.08562,0.14146163612381396,200,150100000.0,0.32130281690140844,0,2024,4,15,120900000.0,0.35509650000000004,108400000.0,0.3106005,136500000.0,0.48420699999999994,173100000.0,0.419717,119850000.0,0.35058325
2024-04-21,150100000,15010000.0,13703726.17615775,3800000,44200000,5.8,10,3.1825,1.4218172895165786,200,0.27788599999999997,0.201735,0.09755,0.14341464506453422,200,122700000.0,-0.18254497001998668,1,2024,4,16,113600000.0,0.252429,120900000.0,0.35509650000000004,108400000.0,0.3106005,136500000.0,0.48420699999999994,123250000.0,0.299003
2024-04-28,122700000,12270000.0,10447439.877788244,5600000,38800000,3.0,10,3.1738461538461538,1.4988661866863335,193,0.2577975,0.20052115384615385,0.10283653846153847,0.12647436419110103,193,93400000.0,-0.23879380603096984,1,2024,4,17,150100000.0,0.27788599999999997,113600000.0,0.252429,120900000.0,0.35509650000000004,108400000.0,0.3106005,126825000.0,0.28580225
2024-05-05,93400000,9340000.0,2353814.8704697327,7000000,12500000,3.9,10,3.4720604395604395,1.4554781406741193,180,0.3972657142857143,0.22509329670329672,0.08448010989010989,0.18257845438068807,180,111200000.0,0.1905781584582441,0,2024,5,18,122700000.0,0.2577975,150100000.0,0.27788599999999997,113600000.0,0.252429,120900000.0,0.35509650000000004,119950000.0,0.2963445535714286
2024-05-12,111200000,11120000.0,10639005.801504409,5000000,40000000,4.3,10,3.425714285714286,1.2967586859143758,187,0.3390892142857143,0.22253714285714285,0.08893357142857142,0.2040924938827405,187,114400000.0,0.02877697841726619,0,2024,5,19,93400000.0,0.3972657142857143,122700000.0,0.2577975,150100000.0,0.27788599999999997,113600000.0,0.252429,119350000.0,0.31800960714285714
2024-05-19,114400000,11440000.0,10858299.437143309,4000000,38100000,6.8,10,3.17,1.2631946487513122,200,0.3485905,0.21483499999999997,0.09131500000000001,0.196549493906894,200,171700000.0,0.5008741258741258,0,2024,5,20,111200000.0,0.3390892142857143,93400000.0,0.3972657142857143,122700000.0,0.2577975,150100000.0,0.27788599999999997,110425000.0,0.33568573214285713
2024-05-26,171700000,17170000.0,14117526.53815659,5100000,56300000,4.2,10,2.9575,1.4242195643720952,200,0.254044,0.182475,0.10442,0.15799370707486055,200,147200000.0,-0.14269073966220153,1,2024,5,21,114400000.0,0.3485905,111200000.0,0.3390892142857143,93400000.0,0.3972657142857143,122700000.0,0.2577975,122675000.0,0.3347473571428572
2024-06-02,147200000,14720000.0,17239412.209624007,5800000,63100000,4.3,10,2.76,1.4462920930015035,200,0.21156799999999998,0.178065,0.11301999999999998,0.13344667242084637,200,86900000.0,-0.40964673913043476,1,2024,6,22,171700000.0,0.254044,114400000.0,0.3485905,111200000.0,0.3390892142857143,93400000.0,0.3972657142857143,136125000.0,0.2883229285714286
2024-06-09,86900000,8690000.0,5703887.563174201,4600000,20800000,4.5,10,3.5975,1.2802896626932767,200,0.37149299999999996,0.217125,0.072705,0.23192120385527656,200,110400000.0,0.27042577675489066,0,2024,6,23,147200000.0,0.21156799999999998,171700000.0,0.254044,114400000.0,0.3485905,111200000.0,0.3390892142857143,130050000.0,0.296423875
2024-06-16,110400000,11040000.0,6170035.116053501,6100000,26500000,3.3,10,3.631111111111111,1.1707401840888,180,0.4548550555555556,0.22121944444444447,0.07507888888888889,0.2220577532660441,180,128800000.0,0.16666666666666666,0,2024,6,24,86900000.0,0.37149299999999996,147200000.0,0.21156799999999998,171700000.0,0.254044,114400000.0,0.3485905,129050000.0,0.3229900138888889
2024-06-23,128800000,12880000.0,12065819.491439443,5400000,45900000,3.8,10,3.1100000000000003,1.2150806631999778,200,0.25155,0.18949500000000002,0.103795,0.15744573101340836,200,153800000.0,0.19409937888198758,0,2024,6,25,110400000.0,0.4548550555555556,86900000.0,0.37149299999999996,147200000.0,0.21156799999999998,171700000.0,0.254044,118325000.0,0.32236651388888893
2024-06-30,153800000,15380000.0,17909575.34083064,3800000,50900000,6.2,10,3.2175,1.32240152629397,200,0.3590535,0.215775,0.07281499999999999,0.18964189364658335,200,198200000.0,0.2886866059817945,0,2024,6,26,128800000.0,0.25155,110400000.0,0.4548550555555556,86900000.0,0.37149299999999996,147200000.0,0.21156799999999998,119975000.0,0.35923788888888886
2024-07-07,198200000,19820000.0,27364039.66278858,3200000,80700000,7.1,10,3.0496732026143794,1.1952222282226024,177,0.3112902614379085,0.20001339869281048,0.09030392156862746,0.18500870438313347,177,116300000.0,-0.41321897073662966,1,2024,7,27,153800000.0,0.3590535,128800000.0,0.25155,110400000.0,0.4548550555555556,86900000.0,0.37149299999999996,147800000.0,0.344187204248366
2024-07-14,116300000,11630000.0,12369051.881387047,4700000,43700000,9.3,10,3.285,1.276131734394551,200,0.35567950000000004,0.21942500000000004,0.083095,0.221770228996437,200,127500000.0,0.09630266552020636,0,2024,7,28,198200000.0,0.3112902614379085,153800000.0,0.3590535,128800000.0,0.25155,110400000.0,0.4548550555555556,149275000.0,0.3193933153594771
2024-07-21,127500000,12750000.0,5874663.11090829,4600000,22500000,6.6,10,3.5375,1.338061193823941,200,0.426393,0.22986499999999999,0.06887499999999999,0.2330938565041137,200,113100000.0,-0.11294117647058824,1,2024,7,29,116300000.0,0.35567950000000004,198200000.0,0.3112902614379085,153800000.0,0.3590535,128800000.0,0.25155,148950000.0,0.36310406535947715
2024-07-28,113100000,11310000.0,6686877.696902594,5200000,25200000,3.4,10,3.2024999999999997,1.4292646477880573,200,0.354344,0.205655,0.083595,0.17287503869870283,200,95200000.0,-0.15826702033598586,1,2024,7,30,127500000.0,0.426393,116300000.0,0.35567950000000004,198200000.0,0.3112902614379085,153800000.0,0.3590535,138775000.0,0.3619266903594771
2024-08-04,95200000,9520000.0,3461149.4558246913,6400000,18500000,3.4,10,3.1,1.3836726866474902,200,0.3096675,0.224905,0.10392000000000001,0.17522353760761483,200,112300000.0,0.1796218487394958,0,2024,8,31,113100000.0,0.354344,127500000.0,0.426393,116300000.0,0.35567950000000004,198200000.0,0.3112902614379085,113025000.0,0.361521
2024-08-11,112300000,11230000.0,4137377.0542324153,6100000,19500000,3.4,10,3.44,1.2864549764602469,200,0.3604305,0.231145,0.09575499999999999,0.2165817894853493,200,174300000.0,0.5520926090828139,0,2024,8,32,95200000.0,0.3096675,113100000.0,0.354344,127500000.0,0.426393,116300000.0,0.35567950000000004,112025000.0,0.36270875
2024-08-18,174300000,17430000.0,17309666.535076737,4900000,60100000,2.9,10,2.8869444444444445,1.3189529871951373,189,0.2645686111111111,0.190815,0.11318277777777778,0.1541529732214488,189,158500000.0,-0.09064830751577739,0,2024,8,33,112300000.0,0.3604305,95200000.0,0.3096675,113100000.0,0.354344,127500000.0,0.426393,123725000.0,0.32225265277777776
2024-08-25,158500000,15850000.0,20520734.77133691,6500000,73800000,2.9,10,3.1083333333333334,1.4734165487091853,171,0.25293350000000003,0.18770666666666666,0.11531666666666666,0.1285745767319733,171,122700000.0,-0.22586750788643534,1,2024,8,34,174300000.0,0.2645686111111111,112300000.0,0.3604305,95200000.0,0.3096675,113100000.0,0.354344,135075000.0,0.2969000277777778
2024-09-01,122700000,12270000.0,10960641.708707875,3600000,30600000,4.8,10,3.2833333333333337,1.4068296332419858,171,0.2761755,0.20304666666666668,0.10589166666666668,0.12709388141058534,171,179500000.0,0.46291768541157297,0,2024,9,35,158500000.0,0.25293350000000003,174300000.0,0.2645686111111111,112300000.0,0.3604305,95200000.0,0.3096675,141950000.0,0.2885270277777778
2024-09-08,179500000,17950000.0,20709592.51704925,4000000,68600000,4.6,10,2.915,1.496994923073593,200,0.3458255,0.21563499999999997,0.08625000000000001,0.13343926389509478,200,207900000.0,0.15821727019498608,0,2024,9,36,122700000.0,0.2761755,158500000.0,0.25293350000000003,174300000.0,0.2645686111111111,112300000.0,0.3604305,158750000.0,0.2848757777777778
2024-09-15,207900000,20790000.0,24157651.191933192,6800000,84900000,3.7,10,3.3274999999999997,1.4407667972765514,200,0.3546495,0.220375,0.10706,0.19596662458787314,200,155500000.0,-0.25204425204425207,1,2024,9,37,179500000.0,0.3458255,122700000.0,0.2761755,158500000.0,0.25293350000000003,174300000.0,0.2645686111111111,167150000.0,0.307396
2024-09-22,155500000,15550000.0,14511011.144797748,4600000,45600000,3.4,10,3.1675,1.4283941720557647,200,0.314084,0.205655,0.10322,0.17868865356535618,200,91100000.0,-0.4141479099678457,1,2024,9,38,207900000.0,0.3546495,179500000.0,0.3458255,122700000.0,0.2761755,158500000.0,0.25293350000000003,166400000.0,0.322683625
2024-09-29,91100000,9110000.0,5024484.49539298,4400000,19500000,4.7,10,3.3841666666666668,1.4127856743809848,189,0.36065844444444445,0.21536,0.08693111111111111,0.189998867337428,189,86700000.0,-0.048298572996706916,0,2024,9,39,155500000.0,0.314084,207900000.0,0.3546495,179500000.0,0.3458255,122700000.0,0.2761755,158500000.0,0.3438043611111111
2024-10-06,86700000,8670000.0,3081503.9618125865,5600000,15100000,5.2,10,3.6991666666666667,1.253977800185544,189,0.4399034444444444,0.24905,0.07041611111111111,0.26123008174534446,189,159400000.0,0.8385236447520185,0,2024,10,40,91100000.0,0.36065844444444445,155500000.0,0.314084,207900000.0,0.3546495,179500000.0,0.3458255,135300000.0,0.3673238472222222
2024-10-13,159400000,15940000.0,11641802.075089388,6500000,44700000,4.4,10,3.3299999999999996,1.2716286300787751,200,0.3389585,0.23138,0.088695,0.19852909258344334,200,117400000.0,-0.26348808030112925,1,2024,10,41,86700000.0,0.4399034444444444,91100000.0,0.36065844444444445,155500000.0,0.314084,207900000.0,0.3546495,123175000.0,0.36340109722222225
2024-10-20,117400000,11740000.0,4409635.913416082,6700000,21900000,3.9,10,3.3425,1.190951075158244,200,0.2008205,0.19923,0.11105000000000001,0.15198844522111205,200,111700000.0,-0.048551959114139696,0,2024,10,42,159400000.0,0.3389585,86700000.0,0.4399034444444444,91100000.0,0.36065844444444445,155500000.0,0.314084,113650000.0,0.33508522222222226
2024-10-27,111700000,11170000.0,8469822.246593425,4200000,31000000,4.1,10,2.779642857142857,1.2922882359317795,183,0.131139125,0.1847125,0.12042696428571428,0.10499553505452179,183,144400000.0,0.2927484333034915,0,2024,10,43,117400000.0,0.2008205,159400000.0,0.3389585,86700000.0,0.4399034444444444,91100000.0,0.36065844444444445,118800000.0,0.2777053923611111
2024-11-03,144400000,14440000.0,13259981.565262869,4900000,42900000,5.0,10,2.8024999999999998,1.2684813440652358,196,0.169851625,0.20023749999999998,0.10845125,0.14468959412880603,196,119500000.0,-0.1724376731301939,1,2024,11,44,111700000.0,0.131139125,117400000.0,0.2008205,159400000.0,0.3389585,86700000.0,0.4399034444444444,133225000.0,0.2101924375
2024-11-10,119500000,11950000.0,8903838.123715712,5000000,32000000,4.8,10,3.4549999999999996,1.1706522849872132,200,0.39281550000000004,0.2386,0.08283,0.21163280429465098,200,110700000.0,-0.07364016736401674,0,2024,11,45,144400000.0,0.169851625,111700000.0,0.131139125,117400000.0,0.2008205,159400000.0,0.3389585,123250000.0,0.22365668750000003
2024-11-17,110700000,11070000.0,6610269.787736856,5000000,24600000,3.2,10,3.3757142857142854,1.180294580621849,194,0.4514394285714286,0.22435785714285714,0.06971928571428572,0.20786855995964554,194,118500000.0,0.07046070460704607,0,2024,11,46,119500000.0,0.39281550000000004,144400000.0,0.169851625,111700000.0,0.131139125,117400000.0,0.2008205,121575000.0,0.28631141964285717
2024-11-24,118500000,11850000.0,5557227.526184057,5500000,21600000,3.1,10,3.0700000000000003,1.307298567518891,200,0.347368,0.19927,0.082625,0.13952793312640757,200,154200000.0,0.3012658227848101,0,2024,11,47,110700000.0,0.4514394285714286,119500000.0,0.39281550000000004,144400000.0,0.169851625,111700000.0,0.131139125,123275000.0,0.34036863839285714
2024-12-01,154200000,15420000.0,15231312.776280608,5700000,54600000,3.5,10,3.005,1.2912696716080105,200,0.28453300000000004,0.18646000000000001,0.087895,0.11307335763694401,200,167000000.0,0.08300907911802853,0,2024,12,48,118500000.0,0.347368,110700000.0,0.4514394285714286,119500000.0,0.39281550000000004,144400000.0,0.169851625,125725000.0,0.3690389821428572
2024-12-08,167000000,16700000.0,10582480.280581148,7800000,39500000,4.9,10,2.9677777777777776,1.4239525925891183,187,0.2909184444444445,0.1983227777777778,0.09443055555555556,0.11475396173769321,187,237400000.0,0.4215568862275449,0,2024,12,49,154200000.0,0.28453300000000004,118500000.0,0.347368,110700000.0,0.4514394285714286,119500000.0,0.39281550000000004,137600000.0,0.3435647182539683
2024-12-15,237400000,23740000.0,22293805.816364728,7100000,84000000,5.5,10,3.313214285714286,1.4838199554692586,194,0.3361427142857143,0.22799571428571425,0.08730642857142858,0.1461272352354573,194,238300000.0,0.0037910699241786015,0,2024,12,50,167000000.0,0.2909184444444445,154200000.0,0.28453300000000004,118500000.0,0.347368,110700000.0,0.4514394285714286,169275000.0,0.3147405396825397
2024-12-22,238300000,23830000.0,31069100.4053867,7300000,110200000,4.1,10,2.980714285714286,1.422153065805611,194,0.2806662142857143,0.20708071428571428,0.08642642857142857,0.11875327794424247,194,226000000.0,-0.05161561057490558,0,2024,12,51,237400000.0,0.3361427142857143,167000000.0,0.2909184444444445,154200000.0,0.28453300000000004,118500000.0,0.347368,199225000.0,0.2980650932539683
2024-12-29,226000000,22600000.0,20502032.419575706,9200000,69800000,4.7,10,3.4138888888888888,1.4493373494414614,180,0.3594322222222222,0.21413333333333334,0.079,0.1685399098327986,180,125000000.0,-0.4469026548672566,1,2024,12,52,238300000.0,0.2806662142857143,237400000.0,0.3361427142857143,167000000.0,0.2909184444444445,154200000.0,0.28453300000000004,217175000.0,0.3167898988095238
2025-01-05,125000000,12500000.0,9265467.548315568,6100000,34700000,4.5,10,3.7075000000000005,1.2848263194642506,195,0.39598883333333335,0.21985166666666664,0.07484833333333332,0.20767431292825284,195,99700000.0,-0.2024,1,2025,1,1,226000000.0,0.3594322222222222,238300000.0,0.2806662142857143,237400000.0,0.3361427142857143,167000000.0,0.2909184444444445,206675000.0,0.34305749603174607
2025-01-12,99700000,9970000.0,4771920.181878802,6100000,21500000,7.9,10,3.63,1.2621094100012218,200,0.3575215,0.22176,0.084385,0.22616722568561495,200,149300000.0,0.4974924774322969,0,2025,1,2,125000000.0,0.39598883333333335,226000000.0,0.3594322222222222,238300000.0,0.2806662142857143,237400000.0,0.3361427142857143,172250000.0,0.34840219246031745
2025-01-19,149300000,14930000.0,26132357.54980999,4000000,88900000,8.4,10,3.5799999999999996,1.312470891945395,200,0.3737555,0.23023,0.08541499999999999,0.2271636737970247,200,141800000.0,-0.05023442732752847,0,2025,1,3,99700000.0,0.3575215,125000000.0,0.39598883333333335,226000000.0,0.3594322222222222,238300000.0,0.2806662142857143,150000000.0,0.3716745138888889
2025-01-26,141800000,14180000.0,26302420.67440435,4200000,88900000,7.4,10,3.6475,1.3195422218134056,200,0.4090205,0.23773,0.078405,0.23807261225536358,200,92300000.0,-0.34908321579689705,1,2025,1,4,149300000.0,0.3737555,99700000.0,0.3575215,125000000.0,0.39598883333333335,226000000.0,0.3594322222222222,128950000.0,0.38407158333333336
2025-02-02,92300000,9230000.0,9609144.949820805,3200000,35000000,5.4,10,3.4549999999999996,1.2969530121897583,200,0.297742,0.225915,0.08954000000000001,0.19315386531109532,200,118200000.0,0.28060671722643554,0,2025,2,5,141800000.0,0.4090205,149300000.0,0.3737555,99700000.0,0.3575215,125000000.0,0.39598883333333335,120775000.0,0.359509875
2025-02-09,118200000,11820000.0,11279952.71857703,4200000,41900000,5.3,10,3.4949999999999997,1.2040341300992377,200,0.3387605,0.21824,0.08848500000000001,0.17174452504289123,200,132100000.0,0.11759729272419628,0,2025,2,6,92300000.0,0.297742,141800000.0,0.4090205,149300000.0,0.3737555,99700000.0,0.3575215,125400000.0,0.354819625
2025-02-16,132100000,13210000.0,8470399.439617159,5700000,32700000,4.5,10,3.1725000000000003,1.3820749745175056,200,0.3275835,0.21608,0.098775,0.15272211988997897,200,118500000.0,-0.10295230885692658,1,2025,2,7,118200000.0,0.3387605,92300000.0,0.297742,141800000.0,0.4090205,149300000.0,0.3737555,121100000.0,0.343276625
2025-02-23,118500000,11850000.0,5690000.976371719,6300000,23300000,7.5,10,3.07,1.3717325809952623,200,0.29359900000000005,0.2118,0.103015,0.1735754989375921,200,104700000.0,-0.11645569620253164,1,2025,2,8,132100000.0,0.3275835,118200000.0,0.3387605,92300000.0,0.297742,141800000.0,0.4090205,115275000.0,0.31442125
2025-03-02,104700000,10470000.0,4935596.327811981,7100000,23300000,9.1,10,3.28,1.2425903890137768,200,0.3673835,0.23760000000000003,0.07833999999999999,0.24071586504793108,200,99600000.0,-0.04871060171919771,0,2025,3,9,118500000.0,0.29359900000000005,132100000.0,0.3275835,118200000.0,0.3387605,92300000.0,0.297742,118375000.0,0.331831625
2025-03-09,99600000,9960000.0,4788226.301159033,6200000,21000000,6.8,10,2.9274999999999998,1.222080690075052,200,0.291893,0.20364,0.094025,0.17920602102779876,200,142300000.0,0.428714859437751,0,2025,3,10,104700000.0,0.3673835,118500000.0,0.29359900000000005,132100000.0,0.3275835,118200000.0,0.3387605,113725000.0,0.32011475
2025-03-16,142300000,14230000.0,14663791.384828746,5400000,53800000,6.2,10,3.09,1.3235304772952552,200,0.3078725,0.19716,0.094975,0.17121435638513752,200,155500000.0,0.09276177090653549,0,2025,3,11,99600000.0,0.291893,104700000.0,0.3673835,118500000.0,0.29359900000000005,132100000.0,0.3275835,116275000.0,0.315187
2025-03-23,155500000,15550000.0,12900925.892698124,7700000,48000000,3.3,10,3.0675,1.4293916363104295,200,0.31148750000000003,0.19158,0.09262999999999999,0.15792525704708277,200,135000000.0,-0.13183279742765272,1,2025,3,12,142300000.0,0.3078725,99600000.0,0.291893,104700000.0,0.3673835,118500000.0,0.29359900000000005,125525000.0,0.319659125
2025-03-30,135000000,13500000.0,13623182.85537969,4800000,50800000,3.9,10,3.302142857142857,1.3859939704266455,194,0.36358228571428575,0.21973571428571428,0.10030357142857142,0.18057297872170538,194,136800000.0,0.013333333333333334,0,2025,3,13,155500000.0,0.31148750000000003,142300000.0,0.3078725,99600000.0,0.291893,104700000.0,0.3673835,133100000.0,0.31870882142857143
2025-04-06,136800000,13680000.0,16680647.469447939,5100000,60800000,2.4,10,3.369642857142857,1.4009328136126886,194,0.3708072857142857,0.2156907142857143,0.10023357142857144,0.1741257255758103,194,81700000.0,-0.4027777777777778,1,2025,4,14,135000000.0,0.36358228571428575,155500000.0,0.31148750000000003,142300000.0,0.3078725,99600000.0,0.291893,142400000.0,0.33843739285714286
2025-04-13,81700000,8170000.0,6987616.029646862,3700000,27200000,4.5,10,3.5641666666666665,1.4105081456308706,195,0.48733716666666665,0.2508583333333333,0.06987666666666667,0.2483948773168126,195,66900000.0,-0.18115055079559364,1,2025,4,15,136800000.0,0.3708072857142857,135000000.0,0.36358228571428575,155500000.0,0.31148750000000003,142300000.0,0.3078725,127250000.0,0.38330355952380957
2025-04-20,66900000,6690000.0,3716165.885545058,3800000,15600000,8.2,10,3.271666666666667,1.3672090096366765,185,0.3442166666666667,0.2129933333333333,0.08603166666666666,0.20159257970461386,185,119300000.0,0.7832585949177877,0,2025,4,16,81700000.0,0.48733716666666665,136800000.0,0.3708072857142857,135000000.0,0.36358228571428575,155500000.0,0.31148750000000003,105100000.0,0.3914858511904762
2025-04-27,119300000,11930000.0,14663564.065775793,4500000,53100000,4.1,10,3.29,1.3339045127345857,190,0.31619549999999996,0.21187499999999998,0.10900499999999999,0.1718113094334852,190,103100000.0,-0.1357921207041073,1,2025,4,17,66900000.0,0.3442166666666667,81700000.0,0.48733716666666665,136800000.0,0.3708072857142857,135000000.0,0.36358228571428575,101175000.0,0.3796391547619048
2025-05-04,103100000,10310000.0,13215012.506825544,3800000,47300000,5.8,10,3.165,1.3383038033636336,200,0.36105200000000004,0.222655,0.10302,0.18625949564880534,200,125200000.0,0.21435499515033948,0,2025,5,18,119300000.0,0.31619549999999996,66900000.0,0.3442166666666667,81700000.0,0.48733716666666665,136800000.0,0.3708072857142857,92750000.0,0.37720033333333336
2025-05-11,125200000,12520000.0,8132759.5426016245,4800000,29000000,4.0,10,3.3983333333333334,1.156489648072396,186,0.3410638333333334,0.23788166666666669,0.089335,0.2324121396162612,186,107700000.0,-0.13977635782747605,1,2025,5,19,103100000.0,0.36105200000000004,119300000.0,0.31619549999999996,66900000.0,0.3442166666666667,81700000.0,0.48733716666666665,103625000.0,0.340632
2025-05-18,107700000,10770000.0,10972495.917824106,4100000,38000000,3.5,10,3.3499999999999996,1.1518534279429467,180,0.31390833333333334,0.2391222222222222,0.09197777777777777,0.21075176350164004,180,98000000.0,-0.09006499535747446,0,2025,5,20,125200000.0,0.3410638333333334,103100000.0,0.36105200000000004,119300000.0,0.31619549999999996,66900000.0,0.3442166666666667,113825000.0,0.3330549166666667
2025-05-25,98000000,9800000.0,4315862.215903871,5500000,16000000,3.2,10,3.523611111111111,1.2103948690950002,168,0.2657652777777778,0.23750277777777778,0.09974722222222222,0.217714792882873,168,78200000.0,-0.20204081632653062,1,2025,5,21,107700000.0,0.31390833333333334,125200000.0,0.3410638333333334,103100000.0,0.36105200000000004,119300000.0,0.31619549999999996,108500000.0,0.32044736111111116
2025-06-01,78200000,7820000.0,3512137.6839627335,3300000,12700000,5.2,10,3.3200000000000003,1.3450511515406223,200,0.30414050000000004,0.250755,0.09674,0.20438823151429625,200,101100000.0,0.2928388746803069,0,2025,6,22,98000000.0,0.2657652777777778,107700000.0,0.31390833333333334,125200000.0,0.3410638333333334,103100000.0,0.36105200000000004,102275000.0,0.30621948611111116
2025-06-08,101100000,10110000.0,12516784.287063865,4300000,45500000,2.8,10,3.4875,1.29120370508079,200,0.3535355,0.24155000000000001,0.08591499999999999,0.21362309974410748,200,180700000.0,0.7873392680514342,0,2025,6,23,78200000.0,0.30414050000000004,98000000.0,0.2657652777777778,107700000.0,0.31390833333333334,125200000.0,0.3410638333333334,96250000.0,0.3093374027777778
2025-06-15,180700000,18070000.0,25826904.576429594,5600000,88000000,4.6,10,3.4375,1.3436450304705638,200,0.2962685,0.20977,0.08846,0.18949035770897749,200,127700000.0,-0.2933038184836746,1,2025,6,24,101100000.0,0.3535355,78200000.0,0.30414050000000004,98000000.0,0.2657652777777778,107700000.0,0.31390833333333334,114500000.0,0.3049274444444444
2025-06-22,127700000,12770000.0,8666929.483194534,5300000,36000000,4.5,10,3.475,1.2992827619254534,200,0.3130515,0.20228000000000002,0.08515500000000001,0.18319262375881834,200,131000000.0,0.025841816758026624,0,2025,6,25,180700000.0,0.2962685,101100000.0,0.3535355,78200000.0,0.30414050000000004,98000000.0,0.2657652777777778,121925000.0,0.316749
2025-06-29,131000000,13100000.0,10402456.97473011,5500000,40300000,6.3,10,3.31,1.3945314247194331,200,0.33241,0.20448499999999997,0.076685,0.17042971969535664,200,192900000.0,0.4725190839694656,0,2025,6,26,127700000.0,0.3130515,180700000.0,0.2962685,101100000.0,0.3535355,78200000.0,0.30414050000000004,135125000.0,0.323816375
2025-07-06,192900000,19290000.0,19250365.07590325,6500000,66800000,5.0,10,3.005,1.529440544574762,186,0.2564601666666667,0.18754333333333334,0.093085,0.13382628897957888,186,146100000.0,-0.24261275272161742,1,2025,7,27,131000000.0,0.33241,127700000.0,0.3130515,180700000.0,0.2962685,101100000.0,0.3535355,158075000.0,0.29954754166666664
2025-07-13,146100000,14610000.0,13774811.956772566,4500000,40400000,4.8,10,3.0675,1.4505620197292306,200,0.289629,0.21005,0.10012499999999999,0.13080254148259501,200,124100000.0,-0.15058179329226556,1,2025,7,28,192900000.0,0.2564601666666667,131000000.0,0.33241,127700000.0,0.3130515,180700000.0,0.2962685,149425000.0,0.29788766666666666
2025-07-20,124100000,12410000.0,12908520.0115617,4100000,43000000,6.7,10,3.0149999999999997,1.5333333455639586,200,0.3190035,0.23841,0.09518499999999999,0.1926974891323191,200,203600000.0,0.6406124093473006,0,2025,7,29,146100000.0,0.289629,192900000.0,0.2564601666666667,131000000.0,0.33241,127700000.0,0.3130515,148525000.0,0.29937566666666665
2025-07-27,203600000,20360000.0,27762932.922233637,3700000,91900000,5.6,10,2.855,1.4087035239147734,200,0.3623815,0.21389,0.098835,0.1410027507905644,200,254400000.0,0.24950884086444008,0,2025,7,30,124100000.0,0.3190035,146100000.0,0.289629,192900000.0,0.2564601666666667,131000000.0,0.33241,166675000.0,0.3068685416666667
2025-08-03,254400000,25440000.0,24091270.894938968,5200000,80300000,5.6,10,2.8725,1.4266196051141524,200,0.338245,0.20160999999999998,0.090565,0.12884367292136892,200,180100000.0,-0.29205974842767296,1,2025,8,31,203600000.0,0.3623815,124100000.0,0.3190035,146100000.0,0.289629,192900000.0,0.2564601666666667,182050000.0,0.32731475
2025-08-10,180100000,18010000.0,16921679.060371704,5800000,51300000,5.5,10,2.9925,1.383360532112334,200,0.3479635,0.219155,0.089525,0.1795149229624774,200,142400000.0,-0.20932815102720712,1,2025,8,32,254400000.0,0.338245,203600000.0,0.3623815,124100000.0,0.3190035,146100000.0,0.289629,190550000.0,0.34189837500000003
2025-08-17,142400000,14240000.0,11805196.595849926,3900000,43300000,6.9,10,3.02,1.2715216708991082,200,0.32649249999999996,0.215205,0.09395,0.17051405514665027,200,126300000.0,-0.11306179775280899,1,2025,8,33,180100000.0,0.3479635,254400000.0,0.338245,203600000.0,0.3623815,124100000.0,0.3190035,195125000.0,0.343770625
2025-08-24,126300000,12630000.0,11586970.651938708,5000000,42400000,6.4,10,3.3525,1.2803066457325518,200,0.38900250000000003,0.236055,0.09688500000000001,0.2009040485087074,200,163300000.0,0.2929532858273951,0,2025,8,34,142400000.0,0.32649249999999996,180100000.0,0.3479635,254400000.0,0.338245,203600000.0,0.3623815,175800000.0,0.350425875
2025-08-31,163300000,16330000.0,17866545.397598397,4700000,50200000,6.4,10,3.2825,1.268269314926787,200,0.31473799999999996,0.21917500000000004,0.114005,0.17438355660582738,200,160100000.0,-0.019595835884874464,0,2025,8,35,126300000.0,0.38900250000000003,142400000.0,0.32649249999999996,180100000.0,0.3479635,254400000.0,0.338245,153025000.0,0.344549125
2025-09-07,160100000,16010000.0,16979101.533617403,4100000,42400000,7.6,10,3.8325000000000005,1.1546997180566798,200,0.3738265,0.24536000000000002,0.086325,0.24567047477214826,200,145200000.0,-0.09306683322923173,0,2025,9,36,163300000.0,0.31473799999999996,126300000.0,0.38900250000000003,142400000.0,0.32649249999999996,180100000.0,0.3479635,148025000.0,0.35101487499999995
2025-09-14,145200000,14520000.0,12273621.216974953,3300000,37700000,7.7,10,3.745,1.137007295620311,200,0.511834,0.24425,0.05991500000000001,0.27154302955333387,200,152400000.0,0.049586776859504134,0,2025,9,37,160100000.0,0.3738265,163300000.0,0.31473799999999996,126300000.0,0.38900250000000003,142400000.0,0.32649249999999996,148725000.0,0.39735025
2025-09-21,152400000,15240000.0,12674488.81283449,4000000,38900000,4.6,10,3.1811842105263155,1.2632861010341236,199,0.28168113157894736,0.21014578947368423,0.09855894736842105,0.18721442380505932,199,123200000.0,-0.19160104986876642,1,2025,9,38,145200000.0,0.511834,160100000.0,0.3738265,163300000.0,0.31473799999999996,126300000.0,0.38900250000000003,155250000.0,0.3705199078947368
2025-09-28,123200000,12320000.0,7998722.120161167,4900000,32200000,4.6,10,3.3850000000000002,1.3955837085639322,200,0.3679745,0.21761499999999998,0.09718000000000002,0.20323620624125538,200,94900000.0,-0.2297077922077922,1,2025,9,39,152400000.0,0.28168113157894736,145200000.0,0.511834,160100000.0,0.3738265,163300000.0,0.31473799999999996,145225000.0,0.3838290328947368
2025-10-05,94900000,9490000.0,9071009.989092847,3200000,30200000,4.7,10,3.6424999999999996,1.3815100351495606,200,0.5006390000000001,0.23958500000000002,0.074325,0.24094381709362808,200,118300000.0,0.2465753424657534,0,2025,10,40,123200000.0,0.3679745,152400000.0,0.28168113157894736,145200000.0,0.511834,160100000.0,0.3738265,128925000.0,0.41553215789473685
2025-10-12,118300000,11830000.0,10613623.320996463,4200000,33500000,5.7,10,3.44,1.2789116211609532,194,0.38794264285714286,0.22379785714285716,0.08427928571428571,0.19721330364806153,194,149000000.0,0.2595097210481826,0,2025,10,41,94900000.0,0.5006390000000001,123200000.0,0.3679745,152400000.0,0.28168113157894736,145200000.0,0.511834,122200000.0,0.3845593186090226
2025-10-19,149000000,14900000.0,14498658.941816347,4200000,47700000,6.6,10,3.0125,1.2243941016665256,194,0.17289664285714287,0.17687785714285714,0.11169928571428571,0.11441574951249547,194,162300000.0,0.08926174496644296,0,2025,10,42,118300000.0,0.38794264285714286,94900000.0,0.5006390000000001,123200000.0,0.3679745,152400000.0,0.28168113157894736,121350000.0,0.35736319642857145
2025-10-26,162300000,16230000.0,13350576.35043854,4000000,42400000,6.6,10,2.585,1.2596262132170142,200,0.07843700000000002,0.155325,0.12298,0.09083225280104763,200,151700000.0,-0.06531115218730746,0,2025,10,43,149000000.0,0.17289664285714287,118300000.0,0.38794264285714286,94900000.0,0.5006390000000001,123200000.0,0.3679745,131125000.0,0.28497882142857145
2025-11-02,151700000,15170000.0,17027888.888526376,4500000,60500000,6.5,10,2.9925,1.3891555220278662,200,0.16267,0.17332999999999998,0.12092499999999999,0.12473836687045306,200,163800000.0,0.07976268951878708,0,2025,11,44,162300000.0,0.07843700000000002,149000000.0,0.17289664285714287,118300000.0,0.38794264285714286,94900000.0,0.5006390000000001,145325000.0,0.20048657142857146
2025-11-09,163800000,16380000.0,20927217.7903429,3100000,73600000,6.6,10,3.1975000000000002,1.345250284988688,185,0.2993015,0.22311999999999999,0.09475,0.2018334141277013,185,191400000.0,0.1684981684981685,0,2025,11,45,151700000.0,0.16267,162300000.0,0.07843700000000002,149000000.0,0.17289664285714287,118300000.0,0.38794264285714286,156700000.0,0.17832628571428571
2025-11-16,191400000,19140000.0,23799168.98642565,5500000,85500000,4.9,10,3.075,1.41164246214352,200,0.26071999999999995,0.18636,0.092875,0.14914028409557614,200,181700000.0,-0.05067920585161965,0,2025,11,46,163800000.0,0.2993015,151700000.0,0.16267,162300000.0,0.07843700000000002,149000000.0,0.17289664285714287,167300000.0,0.20028212499999998
2025-11-23,181700000,18170000.0,10277272.660260277,9300000,37000000,4.3,10,3.4325,1.4121447231055988,184,0.3566445,0.22769499999999998,0.084535,0.18603070722637022,184,,,0,2025,11,47,191400000.0,0.26071999999999995,163800000.0,0.2993015,151700000.0,0.16267,162300000.0,0.07843700000000002,172150000.0,0.269834
