week,hours_viewed_sum,hours_viewed_mean,hours_viewed_std,hours_viewed_min,hours_viewed_max,weeks_in_top10_mean,ranking_nunique,avg_rating_mean,rating_std_mean,num_ratings_sum,vader_compound_mean_mean,vader_positive_mean_mean,vader_negative_mean_mean,textblob_polarity_mean_mean,num_reviews_with_text_sum,total_hours_next_week,hours_pct_change,engagement_decline,year,month,week_of_year,hours_lag_1,sentiment_lag_1,hours_lag_2,sentiment_lag_2,hours_lag_3,sentiment_lag_3,hours_lag_4,sentiment_lag_4,hours_ma_4week,sentiment_ma_4week
2021-07-04,114650000,11465000.0,6449150.2454888495,4890000,25680000,2.7,10,3.2145833333333336,0.8924757695665935,32,0.367235,0.193745,0.06353,0.17715886539386538,200,113970000.0,-0.005931094635848234,0,2021,7,26,,,,,,,,,114650000.0,0.367235
2021-07-11,113970000,11397000.0,3762809.38189067,7460000,19550000,2.9,10,3.046759259259259,0.8475540953999219,48,0.34003500000000003,0.19575,0.071865,0.15390482596107596,182,114020000.0,0.00043871194173905414,0,2021,7,27,114650000.0,0.367235,,,,,,,114310000.0,0.35363500000000003
2021-07-18,114020000,11402000.0,4461630.99226181,6560000,20080000,2.9,10,3.5662037037037035,1.2004558025408993,122,0.3379885,0.209315,0.07228,0.16010475876246316,182,109540000.0,-0.03929135239431679,0,2021,7,28,113970000.0,0.34003500000000003,114650000.0,0.367235,,,,,114213333.33333333,0.34841950000000005
2021-07-25,109540000,10954000.0,2496638.6291260584,8250000,16130000,2.7,10,3.6791666666666663,1.5304975749380487,168,0.287665,0.20518999999999998,0.09342,0.2138549846327229,200,96860000.0,-0.11575680116852291,1,2021,7,29,114020000.0,0.3379885,113970000.0,0.34003500000000003,114650000.0,0.367235,,,113045000.0,0.33323087500000004
2021-08-01,96860000,9686000.0,7654537.071422268,5030000,28050000,3.4,10,3.9013888888888886,1.3564176395420717,149,0.3173705,0.22454000000000002,0.092975,0.1931216635030915,200,117670000.0,0.21484616972950651,0,2021,8,30,109540000.0,0.287665,114020000.0,0.3379885,113970000.0,0.34003500000000003,114650000.0,0.367235,108597500.0,0.32076475000000004
2021-08-08,117670000,11767000.0,8087062.43879005,5050000,24200000,3.9,10,3.5837499999999998,1.1271209192966878,177,0.39342,0.22338,0.07516,0.1715248193494438,200,229670000.0,0.9518143961927424,0,2021,8,31,96860000.0,0.3173705,109540000.0,0.287665,114020000.0,0.3379885,113970000.0,0.34003500000000003,109522500.0,0.334111
2021-08-15,229670000,22967000.0,25737865.77096952,6450000,90860000,3.4,10,2.76125,1.2723957634530059,178,0.30855350000000004,0.20454500000000003,0.09868,0.10997254055719081,182,181770000.0,-0.20856010798101624,1,2021,8,32,117670000.0,0.39342,96860000.0,0.3173705,109540000.0,0.287665,114020000.0,0.3379885,138435000.0,0.32675224999999997
2021-08-22,181770000,18177000.0,15642830.12899023,6320000,57160000,4.7,10,3.07,1.4688818290185788,190,0.228903,0.212195,0.10435333333333334,0.13449521410742765,195,212810000.0,0.17076525279198987,0,2021,8,33,229670000.0,0.30855350000000004,117670000.0,0.39342,96860000.0,0.3173705,109540000.0,0.287665,156492500.0,0.31206174999999997
2021-08-29,212810000,21281000.0,14922421.943728393,8430000,48140000,3.6,10,2.915,1.4043911650739649,200,0.24797100000000002,0.20404,0.10415,0.1701357013996659,200,151010000.0,-0.29039988722334475,1,2021,8,34,181770000.0,0.228903,229670000.0,0.30855350000000004,117670000.0,0.39342,96860000.0,0.3173705,185480000.0,0.294711875
2021-09-05,151010000,15101000.0,12140166.070619553,6230000,36730000,3.7,10,3.2321428571428568,1.4706660733598524,194,0.315661,0.219055,0.088185,0.17493081060133084,200,133420000.0,-0.11648235216210846,1,2021,9,35,212810000.0,0.24797100000000002,181770000.0,0.228903,229670000.0,0.30855350000000004,117670000.0,0.39342,193815000.0,0.27527212500000003
2021-09-12,133420000,13342000.0,10338012.70393235,6200000,38780000,3.5,10,3.282142857142857,1.49132825032819,194,0.2899645,0.205895,0.09056,0.16807821818763227,200,144760000.0,0.08499475341028331,0,2021,9,36,151010000.0,0.315661,212810000.0,0.24797100000000002,181770000.0,0.228903,229670000.0,0.30855350000000004,169752500.0,0.270624875
2021-09-19,144760000,14476000.0,8772726.929397598,6950000,37400000,2.8,10,3.5227777777777773,1.195919989610063,190,0.34756472222222223,0.19599277777777777,0.09109055555555556,0.20003775645063349,190,122310000.0,-0.15508427742470296,1,2021,9,37,133420000.0,0.2899645,151010000.0,0.315661,212810000.0,0.24797100000000002,181770000.0,0.228903,160500000.0,0.3002903055555556
2021-09-26,122310000,12231000.0,7318930.477421775,5210000,30040000,3.2,10,3.5411111111111113,1.199150342006385,198,0.3147115555555556,0.20280944444444443,0.1023738888888889,0.15884037822461505,198,160980000.0,0.31616384596517044,0,2021,9,38,144760000.0,0.34756472222222223,133420000.0,0.2899645,151010000.0,0.315661,212810000.0,0.24797100000000002,137875000.0,0.3169754444444445
2021-10-03,160980000,16098000.0,13062382.631051656,4160000,47600000,3.4,10,3.40125,1.2122275180623228,196,0.254774,0.1926575,0.0991575,0.1572253301376772,196,137530000.0,-0.1456702695987079,1,2021,10,39,122310000.0,0.3147115555555556,144760000.0,0.34756472222222223,133420000.0,0.2899645,151010000.0,0.315661,140367500.0,0.30175369444444444
2021-10-10,137530000,13753000.0,10910392.650027668,6830000,42280000,3.0,10,3.3191830065359476,1.4940391610219088,186,0.22813382352941175,0.19505823529411764,0.09522411764705882,0.17485027193582128,197,85890000.0,-0.3754817130807824,1,2021,10,40,160980000.0,0.254774,122310000.0,0.3147115555555556,144760000.0,0.34756472222222223,133420000.0,0.2899645,141395000.0,0.2862960253267974
2021-10-17,85890000,8589000.0,4810475.721450703,4770000,20410000,3.1,10,3.365294117647059,1.2752025343083802,197,0.3544733235294118,0.22966823529411765,0.08127411764705882,0.22534928700526996,197,79640000.0,-0.07276749330539062,0,2021,10,41,137530000.0,0.22813382352941175,160980000.0,0.254774,122310000.0,0.3147115555555556,144760000.0,0.34756472222222223,126677500.0,0.2880231756535948
2021-10-24,79640000,7964000.0,8529445.98956397,3430000,31870000,3.5,10,3.4025,1.252335746926494,200,0.3626995,0.22853500000000002,0.07944,0.1966392296583186,200,137850000.0,0.7309141135107986,0,2021,10,42,85890000.0,0.3544733235294118,137530000.0,0.22813382352941175,160980000.0,0.254774,122310000.0,0.3147115555555556,116010000.0,0.3000201617647059
2021-10-31,137850000,13785000.0,14123801.227400191,4190000,49640000,2.5,10,3.3299999999999996,1.224631862984433,200,0.318451,0.212825,0.099075,0.15892170530866112,200,248250000.0,0.8008705114254625,0,2021,10,43,79640000.0,0.3626995,85890000.0,0.3544733235294118,137530000.0,0.22813382352941175,160980000.0,0.254774,110227500.0,0.31593941176470586
2021-11-07,248250000,24825000.0,25023803.445697237,5740000,71610000,2.6,10,3.275,1.355484928250389,184,0.40873799999999993,0.22981,0.083565,0.17865242720053714,184,311370000.0,0.2542598187311178,0,2021,11,44,137850000.0,0.318451,79640000.0,0.3626995,85890000.0,0.3544733235294118,137530000.0,0.22813382352941175,137907500.0,0.36109045588235295
2021-11-14,311370000,31137000.0,44506564.3223309,6760000,148720000,3.7,10,3.0675,1.3076707882406455,181,0.308685,0.212535,0.101485,0.12815382650511226,200,255070000.0,-0.180813822783184,1,2021,11,45,248250000.0,0.40873799999999993,137850000.0,0.318451,79640000.0,0.3626995,85890000.0,0.3544733235294118,194277500.0,0.349643375
2021-11-21,255070000,25507000.0,36806768.716274634,7680000,129110000,5.2,10,3.3024999999999998,1.3929018274116247,200,0.4418755,0.24252,0.07345499999999999,0.20686440022956912,200,226440000.0,-0.11224369780844475,1,2021,11,46,311370000.0,0.308685,248250000.0,0.40873799999999993,137850000.0,0.318451,79640000.0,0.3626995,238135000.0,0.36943737499999996
2021-11-28,226440000,22644000.0,14842231.937578961,9780000,50650000,5.2,10,3.2600000000000002,1.4233873305344242,200,0.4380085,0.239075,0.07429500000000001,0.18549105915640413,200,169840000.0,-0.24995583819113232,1,2021,11,47,255070000.0,0.4418755,311370000.0,0.308685,248250000.0,0.40873799999999993,137850000.0,0.318451,260282500.0,0.39932674999999995
2021-12-05,169840000,16984000.0,8092884.66631165,7240000,27200000,4.7,10,3.4325,1.3932714155014123,200,0.48865949999999997,0.24905499999999997,0.07206,0.1988430546721726,200,192530000.0,0.1335963259538389,0,2021,12,48,226440000.0,0.4380085,255070000.0,0.4418755,311370000.0,0.308685,248250000.0,0.40873799999999993,240680000.0,0.419307125
2021-12-12,192530000,19253000.0,23609641.6510054,8510000,85860000,5.0,10,3.3225000000000002,1.465766620695222,200,0.377435,0.22744,0.09357499999999999,0.15687216800912132,200,202430000.0,0.05142055783514257,0,2021,12,49,169840000.0,0.48865949999999997,226440000.0,0.4380085,255070000.0,0.4418755,311370000.0,0.308685,210970000.0,0.43649462499999997
2021-12-19,202430000,20243000.0,21436998.675706033,7270000,74440000,5.0,10,3.65,1.4169879924638362,183,0.49376066666666674,0.237845,0.071,0.21888657364752268,183,265760000.0,0.31284888603467864,0,2021,12,50,192530000.0,0.377435,169840000.0,0.48865949999999997,226440000.0,0.4380085,255070000.0,0.4418755,197810000.0,0.4494659166666667
2021-12-26,265760000,26576000.0,30450748.649800606,9120000,111030000,5.9,10,3.59,1.4155657998467526,183,0.4347926666666667,0.225675,0.07904,0.1998129016562983,183,272420000.0,0.025060204695966284,0,2021,12,51,202430000.0,0.49376066666666674,192530000.0,0.377435,169840000.0,0.48865949999999997,226440000.0,0.4380085,207640000.0,0.44866195833333333
2022-01-02,272420000,27242000.0,44243598.85904401,5430000,152290000,4.8,10,3.4,1.3960738802579673,200,0.306024,0.20283,0.10225500000000001,0.16541163302070191,200,184480000.0,-0.32281036634608323,1,2022,1,52,265760000.0,0.4347926666666667,202430000.0,0.49376066666666674,192530000.0,0.377435,169840000.0,0.48865949999999997,233285000.0,0.40300308333333335
2022-01-09,184480000,18448000.0,15332972.31459054,9960000,58200000,4.8,10,3.2475,1.4183635725275032,200,0.3593235,0.200665,0.083615,0.15567309498540555,200,155830000.0,-0.15530138768430182,1,2022,1,1,272420000.0,0.306024,265760000.0,0.4347926666666667,202430000.0,0.49376066666666674,192530000.0,0.377435,231272500.0,0.3984752083333334
2022-01-16,155830000,15583000.0,12779943.531434976,7000000,45340000,5.4,10,3.245,1.3803535086498104,200,0.3215325,0.21427999999999997,0.09044,0.1501084059127961,200,155880000.0,0.00032086247834178273,0,2022,1,2,184480000.0,0.3593235,272420000.0,0.306024,265760000.0,0.4347926666666667,202430000.0,0.49376066666666674,219622500.0,0.3554181666666667
2022-01-23,155880000,15588000.0,11707120.150669942,5330000,42490000,5.4,10,3.0275,1.447454907201029,200,0.294474,0.20560499999999998,0.091525,0.13255234103454686,200,112340000.0,-0.2793174236592251,1,2022,1,3,155830000.0,0.3215325,184480000.0,0.3593235,272420000.0,0.306024,265760000.0,0.4347926666666667,192152500.0,0.3203385
2022-01-30,112340000,11234000.0,7655418.12487513,4870000,26580000,5.7,10,2.84,1.4596598216038206,200,0.19833399999999998,0.18596,0.106595,0.10338790926709703,200,151610000.0,0.3495638241053943,0,2022,1,4,155880000.0,0.294474,155830000.0,0.3215325,184480000.0,0.3593235,272420000.0,0.306024,152132500.0,0.293416
2022-02-06,151610000,15161000.0,13536166.739516767,6370000,45800000,5.5,10,3.2055555555555557,1.2986631225456107,180,0.22122833333333333,0.19621111111111111,0.10203888888888889,0.15973797152862598,180,164410000.0,0.08442714860497329,0,2022,2,5,112340000.0,0.19833399999999998,155880000.0,0.294474,155830000.0,0.3215325,184480000.0,0.3593235,143915000.0,0.2588922083333334
2022-02-13,164410000,16441000.0,18124842.650657993,5360000,64700000,5.8,10,3.341666666666667,1.3405820075237864,180,0.34297055555555556,0.20782222222222224,0.09288888888888888,0.19036871303839525,180,153400000.0,-0.06696672951766924,0,2022,2,6,151610000.0,0.22122833333333333,112340000.0,0.19833399999999998,155880000.0,0.294474,155830000.0,0.3215325,146060000.0,0.26425172222222226
2022-02-20,153400000,15340000.0,10108599.199581403,7030000,34450000,4.6,10,3.3475,1.2622789585707985,200,0.22164200000000003,0.20811000000000002,0.10645,0.17338813404724057,200,119250000.0,-0.2226205997392438,1,2022,2,7,164410000.0,0.34297055555555556,151610000.0,0.22122833333333333,112340000.0,0.19833399999999998,155880000.0,0.294474,145440000.0,0.2460437222222222
2022-02-27,119250000,11925000.0,8207468.482357328,4970000,31560000,6.3,10,3.21,1.3143441027290346,200,0.254732,0.22287500000000002,0.09807,0.17700163944230846,200,166620000.0,0.39723270440251573,0,2022,2,8,153400000.0,0.22164200000000003,164410000.0,0.34297055555555556,151610000.0,0.22122833333333333,112340000.0,0.19833399999999998,147167500.0,0.26014322222222225
2022-03-06,166620000,16662000.0,12912081.164552832,6710000,44450000,6.0,10,3.875,1.0154896843235433,200,0.44839,0.26783999999999997,0.058215,0.28828102076819134,200,185200000.0,0.1115112231424799,0,2022,3,9,119250000.0,0.254732,153400000.0,0.22164200000000003,164410000.0,0.34297055555555556,151610000.0,0.22122833333333333,150920000.0,0.3169336388888889
2022-03-13,185200000,18520000.0,26675618.913990434,5450000,92430000,6.8,10,3.925,1.0042521364267623,200,0.4886425,0.265105,0.05006000000000001,0.29879318617591705,200,175830000.0,-0.050593952483801295,0,2022,3,10,166620000.0,0.44839,119250000.0,0.254732,153400000.0,0.22164200000000003,164410000.0,0.34297055555555556,156117500.0,0.353351625
2022-03-20,175830000,17583000.0,24143216.231480014,5790000,85360000,5.4,10,3.19,1.1049473630395656,181,0.40374,0.22763,0.062115,0.2091705694495344,200,122320000.0,-0.3043280441335381,1,2022,3,11,185200000.0,0.4886425,166620000.0,0.44839,119250000.0,0.254732,153400000.0,0.22164200000000003,161725000.0,0.39887612499999997
2022-03-27,122320000,12232000.0,8175480.68583398,5750000,31700000,6.2,10,3.3175000000000003,1.27440303597164,200,0.3868065,0.23184999999999997,0.07689499999999999,0.18107293050262058,200,95910000.0,-0.2159090909090909,1,2022,3,12,175830000.0,0.40374,185200000.0,0.4886425,166620000.0,0.44839,119250000.0,0.254732,162492500.0,0.43189475
2022-04-03,95910000,9591000.0,3602512.8575605233,6140000,17720000,3.3,10,3.3551923076923074,1.3502254146850592,193,0.3304604230769231,0.22589615384615386,0.08756038461538461,0.19916769116932181,193,95600000.0,-0.0032321968512146805,0,2022,4,13,122320000.0,0.3868065,175830000.0,0.40374,185200000.0,0.4886425,166620000.0,0.44839,144815000.0,0.40241235576923073
2022-04-10,95600000,9560000.0,6439806.7603858365,4550000,26770000,4.6,10,3.562948717948718,2.081215021838248,188,0.2842268333333333,0.19883944444444443,0.09296499999999999,0.19064881106460183,193,115640000.0,0.2096234309623431,0,2022,4,14,95910000.0,0.3304604230769231,122320000.0,0.3868065,175830000.0,0.40374,185200000.0,0.4886425,122415000.0,0.3513084391025641
2022-04-17,115640000,11564000.0,8996011.708900044,5750000,35900000,2.7,10,3.3383333333333334,1.1615942322152506,195,0.271342,0.20827833333333334,0.10204166666666667,0.1853632415480396,195,85380000.0,-0.26167416118989967,1,2022,4,15,95600000.0,0.2842268333333333,95910000.0,0.3304604230769231,122320000.0,0.3868065,175830000.0,0.40374,107367500.0,0.3182089391025641
2022-04-24,85380000,8538000.0,3381655.7417270546,4920000,15260000,4.1,10,2.8875,1.2370994559801711,195,0.231684,0.19130666666666668,0.10245166666666668,0.13812133619119665,195,158130000.0,0.8520730850316234,0,2022,4,16,115640000.0,0.271342,95600000.0,0.2842268333333333,95910000.0,0.3304604230769231,122320000.0,0.3868065,98132500.0,0.2794283141025641
2022-05-01,158130000,15813000.0,22435788.894829024,4540000,77980000,5.6,10,3.0255555555555556,1.2946309374888592,178,0.2342906111111111,0.18310777777777779,0.09047083333333333,0.14756583250397343,178,111620000.0,-0.2941250869537722,1,2022,5,17,85380000.0,0.231684,115640000.0,0.271342,95600000.0,0.2842268333333333,95910000.0,0.3304604230769231,113687500.0,0.2553858611111111
2022-05-08,111620000,11162000.0,6565877.786793713,6290000,27530000,3.2,10,2.9280555555555554,1.4217350374685684,178,0.25387911111111106,0.17826277777777777,0.09491583333333334,0.10096896262041799,178,159230000.0,0.42653646299946246,0,2022,5,18,158130000.0,0.2342906111111111,85380000.0,0.231684,115640000.0,0.271342,95600000.0,0.2842268333333333,117692500.0,0.24779893055555557
2022-05-15,159230000,15923000.0,15167261.563424472,4650000,55940000,3.7,10,2.8697530864197534,1.4155924726319213,157,0.3054038888888889,0.1936388888888889,0.08695833333333332,0.14522807292329562,168,181520000.0,0.13998618350813288,0,2022,5,19,111620000.0,0.25387911111111106,158130000.0,0.2342906111111111,85380000.0,0.231684,115640000.0,0.271342,128590000.0,0.2563144027777778
2022-05-22,181520000,18152000.0,17568593.063254163,6080000,62420000,4.1,10,2.883641975308642,1.489126992238801,157,0.2647911111111111,0.2005722222222222,0.1063638888888889,0.10807507968262081,168,124250000.0,-0.3155024239753195,1,2022,5,20,159230000.0,0.3054038888888889,111620000.0,0.25387911111111106,158130000.0,0.2342906111111111,85380000.0,0.231684,152625000.0,0.2645911805555555
2022-05-29,124250000,12425000.0,9677840.955272801,4610000,32630000,3.8,10,3.616975308641975,1.3133789669933347,169,0.3628022222222222,0.22449444444444444,0.08663333333333334,0.16084663211763378,180,122450000.0,-0.01448692152917505,0,2022,5,21,181520000.0,0.2647911111111111,159230000.0,0.3054038888888889,111620000.0,0.25387911111111106,158130000.0,0.2342906111111111,144155000.0,0.2967190833333333
2022-06-05,122450000,12245000.0,8879614.919077916,4820000,35600000,3.7,10,3.337777777777778,1.3310179493747785,189,0.2721375,0.196675,0.100235,0.15388059380530367,200,182740000.0,0.49236423029808085,0,2022,6,22,124250000.0,0.3628022222222222,181520000.0,0.2647911111111111,159230000.0,0.3054038888888889,111620000.0,0.25387911111111106,146862500.0,0.30128368055555554
2022-06-12,182740000,18274000.0,25596436.470727716,5510000,84580000,4.1,10,3.4048830409356725,1.366835374114219,188,0.3497182368421053,0.2123163157894737,0.0790957894736842,0.15694413513029856,199,183880000.0,0.006238371456714457,0,2022,6,23,122450000.0,0.2721375,124250000.0,0.3628022222222222,181520000.0,0.2647911111111111,159230000.0,0.3054038888888889,152740000.0,0.31236226754385965
2022-06-19,183880000,18388000.0,16830013.401988458,4200000,57190000,4.4,10,3.3329385964912284,1.2913074443059265,177,0.3829887368421053,0.22602131578947365,0.07702578947368421,0.165409802794386,199,212830000.0,0.15743963454426801,0,2022,6,24,182740000.0,0.3497182368421053,122450000.0,0.2721375,124250000.0,0.3628022222222222,181520000.0,0.2647911111111111,153330000.0,0.3419116739766082
2022-06-26,212830000,21283000.0,15549148.636929719,8350000,53890000,4.1,10,3.2508426368952685,1.2968197172532623,179,0.31061823684210527,0.2134113157894737,0.0924907894736842,0.16871989276197558,199,169910000.0,-0.20166329934689659,1,2022,6,25,183880000.0,0.3829887368421053,182740000.0,0.3497182368421053,122450000.0,0.2721375,124250000.0,0.3628022222222222,175475000.0,0.328865677631579
2022-07-03,169910000,16991000.0,17154369.34946248,4530000,62640000,3.9,10,3.1523391812865498,1.254945541476416,179,0.32873081871345033,0.22726812865497076,0.09522309941520467,0.1621409117315299,179,163200000.0,-0.03949149549761639,0,2022,7,26,212830000.0,0.31061823684210527,183880000.0,0.3829887368421053,182740000.0,0.3497182368421053,122450000.0,0.2721375,187340000.0,0.3430140073099416
2022-07-10,163200000,16320000.0,9214451.210523127,7750000,33520000,4.6,10,3.6003846153846153,1.2215098158354922,193,0.3863125,0.24089115384615384,0.07875576923076924,0.20185380250611887,193,186130000.0,0.14050245098039216,0,2022,7,27,169910000.0,0.32873081871345033,212830000.0,0.31061823684210527,183880000.0,0.3829887368421053,182740000.0,0.3497182368421053,182455000.0,0.35216257309941523
2022-07-17,186130000,18613000.0,18937979.506213903,6170000,68110000,4.6,10,3.934061085972851,2.640016771732209,190,0.4026181842105263,0.2273758906882591,0.07368471659919028,0.1979397580092148,192,210090000.0,0.12872723365389782,0,2022,7,28,163200000.0,0.3863125,169910000.0,0.32873081871345033,212830000.0,0.31061823684210527,183880000.0,0.3829887368421053,183017500.0,0.3570699349415205
2022-07-24,210090000,21009000.0,25750788.747359004,4610000,88550000,4.4,10,3.761176470588235,2.7206882357131104,197,0.3874941842105263,0.21483473684210525,0.08465394736842105,0.17261173662985607,199,215000000.0,0.023370936265410064,0,2022,7,29,186130000.0,0.4026181842105263,163200000.0,0.3863125,169910000.0,0.32873081871345033,212830000.0,0.31061823684210527,182332500.0,0.3762889217836257
2022-07-31,215000000,21500000.0,29527260.850497685,4090000,96470000,5.9,10,3.4274999999999998,1.3387220616707396,187,0.5117320000000001,0.2503942857142857,0.07092142857142857,0.24723952081503492,187,241070000.0,0.12125581395348838,0,2022,7,30,210090000.0,0.3874941842105263,186130000.0,0.4026181842105263,163200000.0,0.3863125,169910000.0,0.32873081871345033,193605000.0,0.42203921710526315
2022-08-07,241070000,24107000.0,29124397.199293625,7950000,102590000,4.4,10,3.5725000000000002,1.2700568093323334,200,0.474581,0.24711500000000003,0.076305,0.23329234800563964,200,214760000.0,-0.10913842452399718,1,2022,8,31,215000000.0,0.5117320000000001,210090000.0,0.3874941842105263,186130000.0,0.4026181842105263,163200000.0,0.3863125,213072500.0,0.4441063421052632
2022-08-14,214760000,21476000.0,16914277.466750458,7270000,56510000,4.6,10,3.4200000000000004,1.2037824211293762,200,0.389838,0.24044,0.09067,0.21413138465965326,200,244100000.0,0.13661761966846714,0,2022,8,32,241070000.0,0.474581,215000000.0,0.5117320000000001,210090000.0,0.3874941842105263,186130000.0,0.4026181842105263,220230000.0,0.4409112960526316
2022-08-21,244100000,24410000.0,19438112.619856443,6990000,63390000,3.9,10,3.312962962962963,1.2128085059626377,175,0.43544444444444447,0.22304074074074073,0.0765037037037037,0.20420277106820106,175,202160000.0,-0.17181482998770994,1,2022,8,33,214760000.0,0.389838,241070000.0,0.474581,215000000.0,0.5117320000000001,210090000.0,0.3874941842105263,228732500.0,0.4528988611111111
2022-08-28,202160000,20216000.0,15574507.80388688,10090000,59230000,3.0,10,3.1270723104056435,1.3417206802923753,157,0.2933177777777778,0.19735079365079364,0.09217301587301588,0.163195135941522,168,196170000.0,-0.029629996042738426,0,2022,8,34,244100000.0,0.43544444444444447,214760000.0,0.389838,241070000.0,0.474581,215000000.0,0.5117320000000001,225522500.0,0.3982953055555556
2022-09-04,196170000,19617000.0,17463038.459048938,6100000,56560000,3.6,10,3.073571428571429,1.215886198767957,194,0.388822,0.21783357142857143,0.08880214285714286,0.18840998508238044,194,156360000.0,-0.2029362287811592,1,2022,9,35,202160000.0,0.2933177777777778,244100000.0,0.43544444444444447,214760000.0,0.389838,241070000.0,0.474581,214297500.0,0.3768555555555556
2022-09-11,156360000,15636000.0,10065801.50807674,6510000,30210000,4.0,10,3.015,1.3250466651288941,200,0.28532100000000005,0.194775,0.09348500000000001,0.1507577231982754,200,110050000.0,-0.29617549245331287,1,2022,9,36,196170000.0,0.388822,202160000.0,0.2933177777777778,244100000.0,0.43544444444444447,214760000.0,0.389838,199697500.0,0.35072630555555556
2022-09-18,110050000,11005000.0,8460402.210034436,5250000,27190000,4.4,10,2.9878846153846155,1.3852705956987965,193,0.290449,0.206745,0.087805,0.1637306358913339,200,144220000.0,0.3104952294411631,0,2022,9,37,156360000.0,0.28532100000000005,196170000.0,0.388822,202160000.0,0.2933177777777778,244100000.0,0.43544444444444447,166185000.0,0.3144774444444445
2022-09-25,144220000,14422000.0,14600868.162924802,5130000,42550000,2.7,10,3.1253846153846156,1.3210073577909252,193,0.35055800000000004,0.21787,0.093505,0.17755640496478678,200,157500000.0,0.09208154208847594,0,2022,9,38,110050000.0,0.290449,156360000.0,0.28532100000000005,196170000.0,0.388822,202160000.0,0.2933177777777778,151700000.0,0.3287875
2022-10-02,157500000,15750000.0,14396576.75359744,5170000,46190000,2.6,10,3.4155555555555557,1.198455420192654,179,0.30972216666666663,0.19547555555555557,0.09418055555555556,0.1842369207307167,198,167540000.0,0.06374603174603174,0,2022,10,39,144220000.0,0.35055800000000004,110050000.0,0.290449,156360000.0,0.28532100000000005,196170000.0,0.388822,142032500.0,0.3090125416666667
2022-10-09,167540000,16754000.0,12667155.429166669,7090000,43080000,6.1,10,3.363964646464646,1.34679679319292,189,0.325295893939394,0.2028678282828283,0.09756373737373737,0.17890077327981113,189,171140000.0,0.021487405992598782,0,2022,10,40,157500000.0,0.30972216666666663,144220000.0,0.35055800000000004,110050000.0,0.290449,156360000.0,0.28532100000000005,144827500.0,0.3190062651515152
2022-10-16,171140000,17114000.0,15700973.218243511,5600000,57010000,6.0,10,3.4075757575757577,1.468612542530432,174,0.3585125606060607,0.20078727272727273,0.08539818181818182,0.18041430752034107,174,185010000.0,0.08104475867710646,0,2022,10,41,167540000.0,0.325295893939394,157500000.0,0.30972216666666663,144220000.0,0.35055800000000004,110050000.0,0.290449,160100000.0,0.33602215530303037
2022-10-23,185010000,18501000.0,22274863.486300725,4920000,78830000,6.1,10,3.1975000000000002,1.489240987116813,169,0.30379472222222226,0.20309499999999997,0.09107000000000001,0.17079269574650544,181,162040000.0,-0.12415545105669963,1,2022,10,42,171140000.0,0.3585125606060607,167540000.0,0.325295893939394,157500000.0,0.30972216666666663,144220000.0,0.35055800000000004,170297500.0,0.32433133585858587
2022-10-30,162040000,16204000.0,21532555.30070172,3940000,68310000,6.1,10,3.203333333333333,1.4272484943545833,182,0.2840625,0.20696666666666666,0.100265,0.18645062235204188,182,199850000.0,0.23333744754381633,0,2022,10,43,185010000.0,0.30379472222222226,171140000.0,0.3585125606060607,167540000.0,0.325295893939394,157500000.0,0.30972216666666663,171432500.0,0.31791641919191926
2022-11-06,199850000,19985000.0,17919319.958574817,5030000,64080000,3.3,10,3.7358333333333333,1.3868444111165226,182,0.31744350000000005,0.22413166666666667,0.08534,0.24201597792576948,192,216460000.0,0.08311233425068802,0,2022,11,44,162040000.0,0.2840625,185010000.0,0.30379472222222226,171140000.0,0.3585125606060607,167540000.0,0.325295893939394,179510000.0,0.3159533207070707
2022-11-13,216460000,21646000.0,18562174.920460634,7920000,62860000,4.0,10,3.6125,1.2878170128265434,200,0.4341315,0.25488,0.075325,0.25913964909616716,200,191490000.0,-0.1153561859003973,1,2022,11,45,199850000.0,0.31744350000000005,162040000.0,0.2840625,185010000.0,0.30379472222222226,171140000.0,0.3585125606060607,190840000.0,0.3348580555555556
2022-11-20,191490000,19149000.0,10853530.352429623,7500000,37850000,3.4,10,3.71875,1.1648082896971081,167,0.347525625,0.22904375,0.09967250000000001,0.24193821066535545,177,189890000.0,-0.008355527703796543,0,2022,11,46,216460000.0,0.4341315,199850000.0,0.31744350000000005,162040000.0,0.2840625,185010000.0,0.30379472222222226,192460000.0,0.34579078125
2022-11-27,189890000,18989000.0,12467961.118179847,7290000,45430000,3.5,10,3.4450000000000003,1.3420758972262044,167,0.463890875,0.2426075,0.07412,0.2340288331242936,177,148610000.0,-0.21738901469271685,1,2022,11,47,191490000.0,0.347525625,216460000.0,0.4341315,199850000.0,0.31744350000000005,162040000.0,0.2840625,199422500.0,0.390747875
2022-12-04,148610000,14861000.0,7749326.063887391,7610000,27630000,3.4,10,3.238392857142857,1.4185040731143839,168,0.39374739285714283,0.21951517857142858,0.08243678571428573,0.18334408763475823,168,158230000.0,0.06473319426687302,0,2022,12,48,189890000.0,0.463890875,191490000.0,0.347525625,216460000.0,0.4341315,199850000.0,0.31744350000000005,186612500.0,0.4098238482142857
2022-12-11,158230000,15823000.0,8020644.2661699215,9590000,29030000,2.9,10,3.7275,1.2643918766956295,170,0.4370943333333333,0.23234499999999997,0.07274833333333333,0.21885414190309538,170,137070000.0,-0.1337293812804146,1,2022,12,49,148610000.0,0.39374739285714283,189890000.0,0.463890875,191490000.0,0.347525625,216460000.0,0.4341315,172055000.0,0.41056455654761903
2022-12-18,137070000,13707000.0,10425273.830669602,5560000,39380000,4.0,10,3.6661842105263163,1.2713149825627394,194,0.4013350614035088,0.2147693859649123,0.0806317543859649,0.2117808080142678,194,192760000.0,0.40628875756912525,0,2022,12,50,158230000.0,0.4370943333333333,148610000.0,0.39374739285714283,189890000.0,0.463890875,191490000.0,0.347525625,158450000.0,0.4240169156484962
2022-12-25,192760000,19276000.0,22836861.13866498,7170000,82140000,4.6,10,3.438684210526316,1.3871757843470436,194,0.3680195614035088,0.20878438596491228,0.08912175438596492,0.1846666354824409,194,254260000.0,0.3190495953517327,0,2022,12,51,137070000.0,0.4013350614035088,158230000.0,0.4370943333333333,148610000.0,0.39374739285714283,189890000.0,0.463890875,159167500.0,0.40004908724937344
2023-01-01,254260000,25426000.0,37165677.17666396,6940000,127250000,4.2,10,3.4475000000000002,1.4344253185096938,200,0.33636699999999997,0.219495,0.085795,0.18396957061139255,200,177860000.0,-0.300479823802407,1,2023,1,52,192760000.0,0.3680195614035088,137070000.0,0.4013350614035088,158230000.0,0.4370943333333333,148610000.0,0.39374739285714283,185580000.0,0.3857039890350877
2023-01-08,177860000,17786000.0,14202621.980152506,6500000,44320000,5.0,10,3.3049999999999997,1.309582266770014,200,0.37016750000000004,0.23380499999999999,0.08169000000000001,0.19008676518821177,200,139900000.0,-0.21342629034071742,1,2023,1,1,254260000.0,0.33636699999999997,192760000.0,0.3680195614035088,137070000.0,0.4013350614035088,158230000.0,0.4370943333333333,190487500.0,0.36897228070175436
2023-01-15,139900000,13990000.0,11137828.433865473,4850000,39860000,4.5,10,3.4825000000000004,1.3186645677880953,200,0.30707450000000003,0.2273,0.09256,0.1971994909591018,200,85490000.0,-0.38892065761258043,1,2023,1,2,177860000.0,0.37016750000000004,254260000.0,0.33636699999999997,192760000.0,0.3680195614035088,137070000.0,0.4013350614035088,191195000.0,0.3454071403508772
2023-01-22,85490000,8549000.0,5321466.9030258935,3790000,20910000,5.1,10,3.4299999999999997,1.1151934685568299,182,0.30659650000000005,0.217775,0.08621500000000001,0.22129759783312525,182,113760000.0,0.33068195110539245,0,2023,1,3,139900000.0,0.30707450000000003,177860000.0,0.37016750000000004,254260000.0,0.33636699999999997,192760000.0,0.3680195614035088,164377500.0,0.33005137500000004
2023-01-29,113760000,11376000.0,15733991.65289385,3790000,55650000,5.5,10,3.435,1.1430161618040837,181,0.38007500000000005,0.23372500000000002,0.08848,0.21397240133628753,200,168430000.0,0.4805731364275668,0,2023,1,4,85490000.0,0.30659650000000005,139900000.0,0.30707450000000003,177860000.0,0.37016750000000004,254260000.0,0.33636699999999997,129252500.0,0.34097837500000006
2023-02-05,168430000,16843000.0,18219361.52680561,4790000,65610000,4.0,10,3.2134615384615386,1.2299598105620004,174,0.32295030769230765,0.21761384615384616,0.07692807692307693,0.16047845207657255,193,153610000.0,-0.08798907558035979,0,2023,2,5,113760000.0,0.38007500000000005,85490000.0,0.30659650000000005,139900000.0,0.30707450000000003,177860000.0,0.37016750000000004,126895000.0,0.32917407692307693
2023-02-12,153610000,15361000.0,13794535.512296164,5390000,51230000,3.6,10,3.1747435897435894,2.325707622490312,178,0.24379497435897438,0.19241495726495728,0.0924297435897436,0.11989907876744246,183,121370000.0,-0.20988216912961397,1,2023,2,6,168430000.0,0.32295030769230765,113760000.0,0.38007500000000005,85490000.0,0.30659650000000005,139900000.0,0.30707450000000003,130322500.0,0.31335419551282057
2023-02-19,121370000,12137000.0,14923360.546472099,4330000,53810000,3.7,10,3.3200000000000003,1.242884436381479,200,0.316106,0.21328,0.08528,0.1692809665541938,200,152050000.0,0.25278075306912745,0,2023,2,7,153610000.0,0.24379497435897438,168430000.0,0.32295030769230765,113760000.0,0.38007500000000005,85490000.0,0.30659650000000005,139292500.0,0.3157315705128205
2023-02-26,152050000,15205000.0,11756609.72484084,6070000,40470000,3.4,10,3.2475,1.2239921348217386,200,0.22192800000000004,0.20253000000000002,0.0928,0.14321559619048466,200,115810000.0,-0.2383426504439329,1,2023,2,8,121370000.0,0.316106,153610000.0,0.24379497435897438,168430000.0,0.32295030769230765,113760000.0,0.38007500000000005,148865000.0,0.2761948205128205
2023-03-05,115810000,11581000.0,11227783.446037384,5620000,42620000,3.6,10,3.1100000000000003,1.3462590551469629,200,0.275642,0.20659999999999998,0.103975,0.1522265071452073,200,148610000.0,0.2832225196442449,0,2023,3,9,152050000.0,0.22192800000000004,121370000.0,0.316106,153610000.0,0.24379497435897438,168430000.0,0.32295030769230765,135710000.0,0.2643677435897436
2023-03-12,148610000,14861000.0,18623862.500685632,5540000,65920000,4.1,10,3.585,1.2344340597536008,200,0.42410999999999993,0.23618,0.08058000000000001,0.233553113047213,200,146220000.0,-0.0160823632326223,0,2023,3,10,115810000.0,0.275642,152050000.0,0.22192800000000004,121370000.0,0.316106,153610000.0,0.24379497435897438,134460000.0,0.3094465
2023-03-19,146220000,14622000.0,19747960.119690564,4030000,69540000,3.0,10,3.3449999999999998,1.363592160859914,192,0.2664763333333333,0.20328666666666667,0.09857166666666667,0.17414273743283396,192,86840000.0,-0.40610039666256326,1,2023,3,11,148610000.0,0.42410999999999993,115810000.0,0.275642,152050000.0,0.22192800000000004,121370000.0,0.316106,140672500.0,0.29703908333333334
2023-03-26,86840000,8684000.0,7052816.93131664,3540000,24700000,3.7,10,3.2950000000000004,1.3240046556411813,180,0.21317433333333335,0.18559166666666665,0.09775166666666667,0.14007969414318472,192,132870000.0,0.5300552740672502,0,2023,3,12,146220000.0,0.2664763333333333,148610000.0,0.42410999999999993,115810000.0,0.275642,152050000.0,0.22192800000000004,124370000.0,0.29485066666666665
2023-04-02,132870000,13287000.0,19201293.388149086,3200000,64420000,4.8,10,3.3049999999999997,1.26392607574054,188,0.28864850000000003,0.20459999999999998,0.08753000000000001,0.16992366170078632,200,171300000.0,0.28923007450891847,0,2023,4,13,86840000.0,0.21317433333333335,146220000.0,0.2664763333333333,148610000.0,0.42410999999999993,115810000.0,0.275642,128635000.0,0.2981022916666667
2023-04-09,171300000,17130000.0,16309789.834465813,7420000,59840000,4.0,10,3.31,1.2510453521143223,188,0.2948245,0.197585,0.092585,0.16219409523720613,200,133200000.0,-0.2224168126094571,1,2023,4,14,132870000.0,0.28864850000000003,86840000.0,0.21317433333333335,146220000.0,0.2664763333333333,148610000.0,0.42410999999999993,134307500.0,0.26578091666666664
2023-04-16,133200000,13320000.0,10189660.336722603,5890000,35500000,3.9,10,3.1738888888888885,1.2342620308720904,177,0.297086,0.1903,0.085985,0.17031585212507233,200,101020000.0,-0.2415915915915916,1,2023,4,15,171300000.0,0.2948245,132870000.0,0.28864850000000003,86840000.0,0.21317433333333335,146220000.0,0.2664763333333333,131052500.0,0.2734333333333333
2023-04-23,101020000,10102000.0,6281444.98591774,4430000,25700000,2.8,10,3.2175,1.314124153999873,200,0.37282899999999997,0.2192,0.094045,0.1996142950095424,200,72480000.0,-0.2825183132053059,1,2023,4,16,133200000.0,0.297086,171300000.0,0.2948245,132870000.0,0.28864850000000003,86840000.0,0.21317433333333335,134597500.0,0.313347
2023-04-30,72480000,7248000.0,5313880.774809394,3300000,20920000,5.1,10,3.5,1.2309126319357837,200,0.451539,0.238875,0.080485,0.23884266211699332,200,81740000.0,0.12775938189845473,0,2023,4,17,101020000.0,0.37282899999999997,133200000.0,0.297086,171300000.0,0.2948245,132870000.0,0.28864850000000003,119500000.0,0.354069625
2023-05-07,81740000,8174000.0,2824056.1845213585,5070000,13480000,3.1,10,3.2825,1.2065487485710438,200,0.302489,0.205735,0.096865,0.19302143692920576,200,149950000.0,0.8344751651578175,0,2023,5,18,72480000.0,0.451539,101020000.0,0.37282899999999997,133200000.0,0.297086,171300000.0,0.2948245,97110000.0,0.35598575
2023-05-14,149950000,14995000.0,24575438.61934784,4520000,83710000,3.7,10,3.185,1.1577195619371274,182,0.2782115,0.19965000000000002,0.095105,0.18407347199043123,200,160350000.0,0.06935645215071691,0,2023,5,19,81740000.0,0.302489,72480000.0,0.451539,101020000.0,0.37282899999999997,133200000.0,0.297086,101297500.0,0.351267125
2023-05-21,160350000,16035000.0,27830384.374716144,3330000,94420000,3.4,10,4.775,3.4785191868269516,177,0.2686031666666667,0.20242833333333335,0.10123166666666665,0.16110803564019852,177,114230000.0,-0.2876208294356096,1,2023,5,20,149950000.0,0.2782115,81740000.0,0.302489,72480000.0,0.451539,101020000.0,0.37282899999999997,116130000.0,0.3252106666666667
2023-05-28,114230000,11423000.0,9498302.83085703,5350000,34690000,4.7,10,4.452380952380952,3.55596725674798,166,0.11767200000000003,0.17209833333333333,0.13398666666666664,0.09145810763241011,172,76430000.0,-0.3309113192681432,1,2023,5,21,160350000.0,0.2686031666666667,149950000.0,0.2782115,81740000.0,0.302489,72480000.0,0.451539,126567500.0,0.2417439166666667
2023-06-04,76430000,7643000.0,3663868.781007917,4160000,16480000,4.8,10,4.49,3.5446720666637908,185,0.28703249999999997,0.21423999999999999,0.124275,0.14567413782432778,185,81920000.0,0.07183043307601727,0,2023,6,22,114230000.0,0.11767200000000003,160350000.0,0.2686031666666667,149950000.0,0.2782115,81740000.0,0.302489,125240000.0,0.23787979166666667
2023-06-11,81920000,8192000.0,3141789.299109665,4950000,13890000,4.8,10,3.62,1.175863835691916,200,0.3903545,0.23650499999999997,0.081595,0.19634523078054922,200,151300000.0,0.846923828125,0,2023,6,23,76430000.0,0.28703249999999997,114230000.0,0.11767200000000003,160350000.0,0.2686031666666667,149950000.0,0.2782115,108232500.0,0.26591554166666664
2023-06-18,151300000,15130000.0,26123086.85179963,4000000,88400000,6.6,10,3.7024999999999997,1.0912139441520863,200,0.42398199999999997,0.227325,0.072205,0.23179610993455588,200,181400000.0,0.19894249834765368,0,2023,6,24,81920000.0,0.3903545,76430000.0,0.28703249999999997,114230000.0,0.11767200000000003,160350000.0,0.2686031666666667,105970000.0,0.30476025
2023-06-25,181400000,18140000.0,25271380.38704389,4100000,87300000,5.8,10,3.631388888888889,1.2187454730899558,198,0.35886805555555557,0.22802333333333333,0.08367333333333334,0.2113715938280118,198,115600000.0,-0.3627342888643881,1,2023,6,25,151300000.0,0.42398199999999997,81920000.0,0.3903545,76430000.0,0.28703249999999997,114230000.0,0.11767200000000003,122762500.0,0.3650592638888889
2023-07-02,115600000,11560000.0,9799909.296632404,4900000,36200000,4.5,10,3.4520138888888887,1.253384358093468,194,0.3320573055555555,0.21487583333333332,0.07692458333333332,0.19987151758200855,194,116600000.0,0.00865051903114187,0,2023,7,26,181400000.0,0.35886805555555557,151300000.0,0.42398199999999997,81920000.0,0.3903545,76430000.0,0.28703249999999997,132555000.0,0.37631546527777776
2023-07-09,116600000,11660000.0,7864152.14049734,6300000,31700000,2.8,10,3.3678977272727275,1.147286657555527,168,0.3721940681818182,0.20546477272727276,0.0791703409090909,0.12562723567256479,168,108800000.0,-0.06689536878216124,0,2023,7,27,115600000.0,0.3320573055555555,181400000.0,0.35886805555555557,151300000.0,0.42398199999999997,81920000.0,0.3903545,141225000.0,0.3717753573232323
2023-07-16,108800000,10880000.0,12728515.668023162,3200000,46300000,5.7,10,3.521666666666667,1.1357932522618017,195,0.3242876666666667,0.22763166666666668,0.09744833333333333,0.21247047929063237,195,96700000.0,-0.11121323529411764,1,2023,7,28,116600000.0,0.3721940681818182,115600000.0,0.3320573055555555,181400000.0,0.35886805555555557,151300000.0,0.42398199999999997,130600000.0,0.34685177398989897
2023-07-23,96700000,9670000.0,4234264.989345849,4600000,19500000,3.5,10,3.9200000000000004,1.1302281694861944,200,0.413844,0.25000999999999995,0.08248,0.2551300618127139,200,142700000.0,0.4756980351602896,0,2023,7,29,108800000.0,0.3242876666666667,116600000.0,0.3721940681818182,115600000.0,0.3320573055555555,181400000.0,0.35886805555555557,109425000.0,0.36059576010101013
2023-07-30,142700000,14270000.0,10409509.54122666,5600000,37800000,3.6,10,3.524469696969697,1.140104103154035,177,0.43087631818181815,0.2548115151515152,0.08668863636363636,0.2210535453485331,177,129200000.0,-0.09460406447091801,0,2023,7,30,96700000.0,0.413844,108800000.0,0.3242876666666667,116600000.0,0.3721940681818182,115600000.0,0.3320573055555555,116200000.0,0.38530051325757575
2023-08-06,129200000,12920000.0,11791126.607185027,3900000,40500000,2.5,10,2.781087187666135,1.190263570319988,152,0.20398921318447635,0.19024885699096228,0.11381368952684741,0.11257750751976639,170,149400000.0,0.1563467492260062,0,2023,8,31,142700000.0,0.43087631818181815,96700000.0,0.413844,108800000.0,0.3242876666666667,116600000.0,0.3721940681818182,119350000.0,0.3432492995082403
2023-08-13,149400000,14940000.0,19344720.784292087,5900000,69600000,4.6,10,2.7824999999999998,1.18177259503425,164,0.21433149999999998,0.182665,0.10648499999999998,0.16155093211793664,182,136200000.0,-0.08835341365461848,0,2023,8,32,129200000.0,0.20398921318447635,142700000.0,0.43087631818181815,96700000.0,0.413844,108800000.0,0.3242876666666667,129500000.0,0.31576025784157363
2023-08-20,136200000,13620000.0,21413225.40446026,3400000,74000000,4.5,10,3.2275,1.3244014895120655,182,0.317512,0.20343499999999998,0.08908999999999999,0.22994826993370127,182,124500000.0,-0.08590308370044053,0,2023,8,33,149400000.0,0.21433149999999998,129200000.0,0.20398921318447635,142700000.0,0.43087631818181815,96700000.0,0.413844,139375000.0,0.2916772578415736
2023-08-27,124500000,12450000.0,8611136.200680295,4800000,28500000,4.6,10,3.4550000000000005,1.3380305031421058,200,0.43461800000000006,0.23763,0.06737,0.24107541021227555,200,107000000.0,-0.14056224899598393,1,2023,8,34,136200000.0,0.317512,149400000.0,0.21433149999999998,129200000.0,0.20398921318447635,142700000.0,0.43087631818181815,134825000.0,0.29261267829611914
2023-09-03,107000000,10700000.0,10009328.981838226,4100000,37900000,4.7,10,3.120921052631579,1.4916805925367465,199,0.34072963157894737,0.22140815789473683,0.09372763157894737,0.18194662335394202,199,79100000.0,-0.2607476635514019,1,2023,9,35,124500000.0,0.43461800000000006,136200000.0,0.317512,149400000.0,0.21433149999999998,129200000.0,0.20398921318447635,129275000.0,0.3267977828947369
2023-09-10,79100000,7910000.0,2726189.8523600865,5900000,15300000,7.0,10,3.318421052631579,1.4238006836848283,199,0.3926806315789474,0.22487815789473684,0.07859763157894736,0.18969446937078013,199,68800000.0,-0.1302149178255373,1,2023,9,36,107000000.0,0.34072963157894737,124500000.0,0.43461800000000006,136200000.0,0.317512,149400000.0,0.21433149999999998,111700000.0,0.3713850657894737
2023-09-17,68800000,6880000.0,5176614.080007639,4300000,21400000,6.6,10,3.3425,1.3542933947310671,200,0.346875,0.22433999999999998,0.06826,0.1601177863805296,200,92000000.0,0.3372093023255814,0,2023,9,37,79100000.0,0.3926806315789474,107000000.0,0.34072963157894737,124500000.0,0.43461800000000006,136200000.0,0.317512,94850000.0,0.3787258157894737
2023-09-24,92000000,9200000.0,5717808.437971084,4000000,23000000,2.4,10,2.9125,1.3069381007242695,173,0.2654926666666667,0.19325333333333333,0.09315333333333334,0.1527883570667727,192,141300000.0,0.5358695652173913,0,2023,9,38,68800000.0,0.346875,79100000.0,0.3926806315789474,107000000.0,0.34072963157894737,124500000.0,0.43461800000000006,86725000.0,0.33644448245614034
2023-10-01,141300000,14130000.0,11071188.835090034,4500000,40200000,2.4,10,3.25,1.346858096565024,168,0.28331532407407406,0.20206203703703704,0.08091898148148148,0.1766145407366123,168,135800000.0,-0.038924274593064405,0,2023,10,39,92000000.0,0.2654926666666667,68800000.0,0.346875,79100000.0,0.3926806315789474,107000000.0,0.34072963157894737,95300000.0,0.32209090557992204
2023-10-08,135800000,13580000.0,12222092.928609058,7100000,45100000,2.6,10,3.1849999999999996,1.234653170508594,170,0.30165629166666663,0.20069583333333335,0.07737208333333333,0.15299511785315528,172,112800000.0,-0.16936671575846834,1,2023,10,40,141300000.0,0.28331532407407406,92000000.0,0.2654926666666667,68800000.0,0.346875,79100000.0,0.3926806315789474,109475000.0,0.29933482060185185
2023-10-15,112800000,11280000.0,9890938.614037935,5300000,32300000,2.8,10,3.605357142857143,1.9586083624054662,194,0.3064445,0.20481500000000002,0.08884,0.16517182294143906,200,103700000.0,-0.08067375886524823,0,2023,10,41,135800000.0,0.30165629166666663,141300000.0,0.28331532407407406,92000000.0,0.2654926666666667,68800000.0,0.346875,120475000.0,0.28922719560185184
2023-10-22,103700000,10370000.0,5792533.508271182,5400000,23100000,2.6,10,3.1577941176470588,1.3128327053205369,197,0.2802368823529412,0.22034323529411765,0.08707176470588236,0.13756377953333138,197,125300000.0,0.20829315332690454,0,2023,10,42,112800000.0,0.3064445,135800000.0,0.30165629166666663,141300000.0,0.28331532407407406,92000000.0,0.2654926666666667,123400000.0,0.29291324952342046
2023-10-29,125300000,12530000.0,10294232.473682642,3900000,29300000,4.3,10,3.3825000000000003,1.377074999126206,200,0.28442100000000003,0.1995,0.0866,0.17376455273027494,200,143800000.0,0.14764565043894654,0,2023,10,43,103700000.0,0.2802368823529412,112800000.0,0.3064445,135800000.0,0.30165629166666663,141300000.0,0.28331532407407406,119400000.0,0.29318966850490197
2023-11-05,143800000,14380000.0,9591871.558773084,6600000,31700000,3.7,10,3.6525,1.3891619520067227,185,0.30492850000000005,0.19232500000000002,0.09119,0.16298215386858456,200,166700000.0,0.1592489568845619,0,2023,11,44,125300000.0,0.28442100000000003,103700000.0,0.2802368823529412,112800000.0,0.3064445,135800000.0,0.30165629166666663,121400000.0,0.2940077205882353
2023-11-12,166700000,16670000.0,15000818.496187318,6100000,55700000,3.1,10,3.5475000000000003,1.33512823590941,185,0.24255200000000002,0.18006,0.102195,0.16103657217486206,200,122900000.0,-0.262747450509898,1,2023,11,45,143800000.0,0.30492850000000005,125300000.0,0.28442100000000003,103700000.0,0.2802368823529412,112800000.0,0.3064445,134875000.0,0.2780345955882353
2023-11-19,122900000,12290000.0,12508348.323331015,3800000,44500000,4.2,10,3.21,1.191266501416877,200,0.321616,0.21463000000000002,0.10505499999999998,0.17069482060625352,200,142700000.0,0.161106590724166,0,2023,11,46,166700000.0,0.24255200000000002,143800000.0,0.30492850000000005,125300000.0,0.28442100000000003,103700000.0,0.2802368823529412,139675000.0,0.28837937500000005
2023-11-26,142700000,14270000.0,17439549.56095165,4100000,61700000,4.9,10,3.4899999999999998,1.0925375313104975,181,0.39836499999999997,0.23235,0.08168,0.20115094230024771,200,133600000.0,-0.06377014716187807,0,2023,11,47,122900000.0,0.321616,166700000.0,0.24255200000000002,143800000.0,0.30492850000000005,125300000.0,0.28442100000000003,144025000.0,0.316865375
2023-12-03,133600000,13360000.0,14477200.466020126,4800000,42100000,6.6,10,3.30625,1.1730335508036458,169,0.36138275,0.21638000000000002,0.0869325,0.15658743388556848,188,241600000.0,0.8083832335329342,0,2023,12,48,142700000.0,0.39836499999999997,122900000.0,0.321616,166700000.0,0.24255200000000002,143800000.0,0.30492850000000005,141475000.0,0.33097893749999996
2023-12-10,241600000,24160000.0,27418007.05943288,6300000,98700000,5.0,10,3.2206730769230774,1.4243317654331016,162,0.18681575,0.179,0.11220250000000001,0.1219483115600056,188,212500000.0,-0.12044701986754967,1,2023,12,49,133600000.0,0.36138275,142700000.0,0.39836499999999997,122900000.0,0.321616,166700000.0,0.24255200000000002,160200000.0,0.317044875
2023-12-17,212500000,21250000.0,30249967.86040533,5700000,106200000,6.3,10,3.1222222222222222,1.0453620637794179,142,0.3213311111111111,0.19010555555555556,0.07697777777777777,0.13116359368445474,161,196800000.0,-0.07388235294117647,0,2023,12,50,241600000.0,0.18681575,133600000.0,0.36138275,142700000.0,0.39836499999999997,122900000.0,0.321616,182600000.0,0.3169736527777778
2023-12-24,196800000,19680000.0,17047762.96826719,7600000,54100000,7.3,10,3.325,1.1239268905925823,162,0.3578535,0.20224999999999999,0.07609,0.15490665858313074,181,207900000.0,0.056402439024390245,0,2023,12,51,212500000.0,0.3213311111111111,241600000.0,0.18681575,133600000.0,0.36138275,142700000.0,0.39836499999999997,196125000.0,0.3068457777777778
2023-12-31,207900000,20790000.0,21103314.642228335,9100000,77000000,5.6,10,3.074791666666667,1.2304645962842855,169,0.33573608333333327,0.1947275,0.08372958333333333,0.15424056095979705,188,148800000.0,-0.2842712842712843,1,2023,12,52,196800000.0,0.3578535,212500000.0,0.3213311111111111,241600000.0,0.18681575,133600000.0,0.36138275,214700000.0,0.30043411111111107
2024-01-07,148800000,14880000.0,7310388.346577615,7700000,26800000,5.5,10,3.2005364372469636,1.3555124146713615,173,0.2939658157894737,0.1907184210526316,0.09440236842105262,0.17649835859617297,199,129900000.0,-0.12701612903225806,1,2024,1,1,207900000.0,0.33573608333333327,196800000.0,0.3578535,212500000.0,0.3213311111111111,241600000.0,0.18681575,191500000.0,0.3272216275584795
2024-01-14,129900000,12990000.0,16048568.645070985,6000000,58500000,6.2,10,3.125,1.2178115482367764,181,0.30235650000000003,0.202075,0.0916,0.16641533563711816,200,146400000.0,0.12702078521939955,0,2024,1,2,148800000.0,0.2939658157894737,207900000.0,0.33573608333333327,196800000.0,0.3578535,212500000.0,0.3213311111111111,170850000.0,0.3224779747807017
2024-01-21,146400000,14640000.0,18041692.45571675,5800000,65400000,5.0,10,3.6100000000000003,1.0630831965779248,181,0.39080149999999997,0.24040500000000004,0.074315,0.23418522202441078,200,112700000.0,-0.2301912568306011,1,2024,1,3,129900000.0,0.30235650000000003,148800000.0,0.2939658157894737,207900000.0,0.33573608333333327,196800000.0,0.3578535,158250000.0,0.3307149747807017
2024-01-28,112700000,11270000.0,7835255.083417656,5100000,31000000,4.8,10,3.4225000000000003,1.163389649179147,181,0.362575,0.227995,0.08811,0.18450097458798778,200,100800000.0,-0.10559006211180125,1,2024,1,4,146400000.0,0.39080149999999997,129900000.0,0.30235650000000003,148800000.0,0.2939658157894737,207900000.0,0.33573608333333327,134450000.0,0.3374247039473684
2024-02-04,100800000,10080000.0,4786508.818195852,5300000,19200000,5.4,10,3.1703846153846156,1.2606823396007223,193,0.146436,0.17697,0.12475,0.11501142560869719,200,133900000.0,0.32837301587301587,0,2024,2,5,112700000.0,0.362575,146400000.0,0.39080149999999997,129900000.0,0.30235650000000003,148800000.0,0.2939658157894737,122450000.0,0.30054225
2024-02-11,133900000,13390000.0,5417758.864245539,6800000,23900000,7.4,10,3.2924999999999995,1.2379519827666043,200,0.3018005,0.19402999999999998,0.09102,0.18985102224710354,200,128700000.0,-0.038834951456310676,0,2024,2,6,100800000.0,0.146436,112700000.0,0.362575,146400000.0,0.39080149999999997,129900000.0,0.30235650000000003,123450000.0,0.30040325
2024-02-18,128700000,12870000.0,7243548.8539803475,6200000,28500000,7.1,10,3.1175,1.2902721069274254,200,0.2695415,0.1851,0.09128,0.15762082969465524,200,107600000.0,-0.16394716394716394,1,2024,2,7,133900000.0,0.3018005,100800000.0,0.146436,112700000.0,0.362575,146400000.0,0.39080149999999997,119025000.0,0.27008825
2024-02-25,107600000,10760000.0,7792475.002633416,5500000,32000000,4.4,10,2.8925,1.4023492017236758,200,0.20598099999999997,0.170775,0.11215,0.11032100662895308,200,137100000.0,0.2741635687732342,0,2024,2,8,128700000.0,0.2695415,133900000.0,0.3018005,100800000.0,0.146436,112700000.0,0.362575,117750000.0,0.23093975
2024-03-03,137100000,13710000.0,11898314.539836677,4300000,36900000,6.3,10,3.245,1.3607768785155256,200,0.3207705,0.1837,0.08208,0.18368461051255505,200,149000000.0,0.08679795769511306,0,2024,3,9,107600000.0,0.20598099999999997,128700000.0,0.2695415,133900000.0,0.3018005,100800000.0,0.146436,126825000.0,0.274523375
2024-03-10,149000000,14900000.0,18488494.921016272,4400000,64800000,8.2,10,3.2575000000000003,1.274420557981789,200,0.36885,0.205465,0.075115,0.18334242094214281,200,173100000.0,0.16174496644295303,0,2024,3,10,137100000.0,0.3207705,107600000.0,0.20598099999999997,128700000.0,0.2695415,133900000.0,0.3018005,130600000.0,0.29128575
2024-03-17,173100000,17310000.0,27775946.828546137,4300000,93200000,5.0,10,3.5675,1.1883441092091434,200,0.419717,0.23958500000000002,0.07113,0.2167486949378954,200,136500000.0,-0.21143847487001732,1,2024,3,11,149000000.0,0.36885,137100000.0,0.3207705,107600000.0,0.20598099999999997,128700000.0,0.2695415,141700000.0,0.328829625
2024-03-24,136500000,13650000.0,12986510.094880935,5000000,40000000,4.6,10,3.763888888888889,1.1586500763282293,172,0.4445175,0.23776000000000003,0.06914000000000001,0.2107111762896165,200,108400000.0,-0.20586080586080585,1,2024,3,12,173100000.0,0.419717,149000000.0,0.36885,137100000.0,0.3207705,107600000.0,0.20598099999999997,148925000.0,0.38846375
2024-03-31,108400000,10840000.0,5639779.349505715,5800000,19700000,2.5,10,3.1333333333333333,1.5229734190925341,180,0.313123,0.22301500000000002,0.099305,0.15900766000039132,200,120900000.0,0.11531365313653137,0,2024,3,13,136500000.0,0.4445175,173100000.0,0.419717,149000000.0,0.36885,137100000.0,0.3207705,141750000.0,0.386551875
2024-04-07,120900000,12090000.0,4175177.973585211,7100000,19500000,2.7,10,3.4125,1.2986385319673446,200,0.35509650000000004,0.19737999999999997,0.07724,0.17538283116882397,200,113600000.0,-0.060380479735318446,0,2024,4,14,108400000.0,0.313123,136500000.0,0.4445175,173100000.0,0.419717,149000000.0,0.36885,134725000.0,0.3831135
2024-04-14,113600000,11360000.0,6856173.211866157,5200000,26100000,3.4,10,3.045,1.339590947528784,200,0.252429,0.188855,0.08562,0.14146163612381396,200,150100000.0,0.32130281690140844,0,2024,4,15,120900000.0,0.35509650000000004,108400000.0,0.313123,136500000.0,0.4445175,173100000.0,0.419717,119850000.0,0.3412915
2024-04-21,150100000,15010000.0,13703726.17615775,3800000,44200000,5.8,10,3.160192307692308,1.4377655647783023,193,0.252243,0.18762500000000001,0.09122,0.1271040024419739,200,122700000.0,-0.18254497001998668,1,2024,4,16,113600000.0,0.252429,120900000.0,0.35509650000000004,108400000.0,0.313123,136500000.0,0.4445175,123250000.0,0.293222875
2024-04-28,122700000,12270000.0,10447439.877788244,5600000,38800000,3.0,10,3.1738461538461538,1.4988661866863335,193,0.2577975,0.20052115384615385,0.10283653846153847,0.12647436419110103,193,93400000.0,-0.23879380603096984,1,2024,4,17,150100000.0,0.252243,113600000.0,0.252429,120900000.0,0.35509650000000004,108400000.0,0.313123,126825000.0,0.2793915
2024-05-05,93400000,9340000.0,2353814.8704697327,7000000,12500000,3.9,10,3.4720604395604395,1.4554781406741193,180,0.3972657142857143,0.22509329670329672,0.08448010989010989,0.18257845438068807,180,111200000.0,0.1905781584582441,0,2024,5,18,122700000.0,0.2577975,150100000.0,0.252243,113600000.0,0.252429,120900000.0,0.35509650000000004,119950000.0,0.2899338035714286
2024-05-12,111200000,11120000.0,10639005.801504409,5000000,40000000,4.3,10,3.425714285714286,1.2967586859143758,187,0.3390892142857143,0.22253714285714285,0.08893357142857142,0.2040924938827405,187,114400000.0,0.02877697841726619,0,2024,5,19,93400000.0,0.3972657142857143,122700000.0,0.2577975,150100000.0,0.252243,113600000.0,0.252429,119350000.0,0.3115988571428572
2024-05-19,114400000,11440000.0,10858299.437143309,4000000,38100000,6.8,10,3.2125,1.2917869535590558,200,0.38066900000000004,0.22020499999999998,0.088105,0.20399845098092695,200,171700000.0,0.5008741258741258,0,2024,5,20,111200000.0,0.3390892142857143,93400000.0,0.3972657142857143,122700000.0,0.2577975,150100000.0,0.252243,110425000.0,0.34370535714285716
2024-05-26,171700000,17170000.0,14117526.53815659,5100000,56300000,4.2,10,2.9575,1.4242195643720952,200,0.254044,0.182475,0.10442,0.15799370707486055,200,147200000.0,-0.14269073966220153,1,2024,5,21,114400000.0,0.38066900000000004,111200000.0,0.3390892142857143,93400000.0,0.3972657142857143,122700000.0,0.2577975,122675000.0,0.34276698214285717
2024-06-02,147200000,14720000.0,17239412.209624007,5800000,63100000,4.3,10,2.76,1.4462920930015035,200,0.21156799999999998,0.178065,0.11301999999999998,0.13344667242084637,200,86900000.0,-0.40964673913043476,1,2024,6,22,171700000.0,0.254044,114400000.0,0.38066900000000004,111200000.0,0.3390892142857143,93400000.0,0.3972657142857143,136125000.0,0.2963425535714286
2024-06-09,86900000,8690000.0,5703887.563174201,4600000,20800000,4.5,10,3.5225,1.3348598709769015,200,0.3389585,0.2023,0.07745500000000001,0.20051558700895825,200,110400000.0,0.27042577675489066,0,2024,6,23,147200000.0,0.21156799999999998,171700000.0,0.254044,114400000.0,0.38066900000000004,111200000.0,0.3390892142857143,130050000.0,0.296309875
2024-06-16,110400000,11040000.0,6170035.116053501,6100000,26500000,3.3,10,3.5711111111111107,1.2227489293485012,162,0.4344555555555555,0.20617444444444444,0.07566388888888889,0.20354574472246384,180,128800000.0,0.16666666666666666,0,2024,6,24,86900000.0,0.3389585,147200000.0,0.21156799999999998,171700000.0,0.254044,114400000.0,0.38066900000000004,129050000.0,0.30975651388888886
2024-06-23,128800000,12880000.0,12065819.491439443,5400000,45900000,3.8,10,3.1574999999999998,1.1487428485901652,181,0.2570035,0.18041000000000001,0.098465,0.13619464459037048,200,153800000.0,0.19409937888198758,0,2024,6,25,110400000.0,0.4344555555555555,86900000.0,0.3389585,147200000.0,0.21156799999999998,171700000.0,0.254044,118325000.0,0.31049638888888886
2024-06-30,153800000,15380000.0,17909575.34083064,3800000,50900000,6.2,10,3.2175,1.32240152629397,200,0.3590535,0.215775,0.07281499999999999,0.18964189364658335,200,198200000.0,0.2886866059817945,0,2024,6,26,128800000.0,0.2570035,110400000.0,0.4344555555555555,86900000.0,0.3389585,147200000.0,0.21156799999999998,119975000.0,0.3473677638888889
2024-07-07,198200000,19820000.0,27364039.66278858,3200000,80700000,7.1,10,2.867530345471522,1.2174825648921643,153,0.27984192810457514,0.1891356209150327,0.09245392156862746,0.14566588351914211,177,116300000.0,-0.41321897073662966,1,2024,7,27,153800000.0,0.3590535,128800000.0,0.2570035,110400000.0,0.4344555555555555,86900000.0,0.3389585,147800000.0,0.33258862091503266
2024-07-14,116300000,11630000.0,12369051.881387047,4700000,43700000,9.3,10,3.263571428571429,1.263709890298641,194,0.328667,0.21003000000000002,0.083345,0.19374051868204822,200,127500000.0,0.09630266552020636,0,2024,7,28,198200000.0,0.27984192810457514,153800000.0,0.3590535,128800000.0,0.2570035,110400000.0,0.4344555555555555,149275000.0,0.3061414820261438
2024-07-21,127500000,12750000.0,5874663.11090829,4600000,22500000,6.6,10,3.5375,1.338061193823941,200,0.426393,0.22986499999999999,0.06887499999999999,0.2330938565041137,200,113100000.0,-0.11294117647058824,1,2024,7,29,116300000.0,0.328667,198200000.0,0.27984192810457514,153800000.0,0.3590535,128800000.0,0.2570035,148950000.0,0.3484888570261438
2024-07-28,113100000,11310000.0,6686877.696902594,5200000,25200000,3.4,10,3.2024999999999997,1.4292646477880573,200,0.354344,0.205655,0.083595,0.17287503869870283,200,95200000.0,-0.15826702033598586,1,2024,7,30,127500000.0,0.426393,116300000.0,0.328667,198200000.0,0.27984192810457514,153800000.0,0.3590535,138775000.0,0.34731148202614376
2024-08-04,95200000,9520000.0,3461149.4558246913,6400000,18500000,3.4,10,3.1,1.3836726866474902,200,0.3096675,0.224905,0.10392000000000001,0.17522353760761483,200,112300000.0,0.1796218487394958,0,2024,8,31,113100000.0,0.354344,127500000.0,0.426393,116300000.0,0.328667,198200000.0,0.27984192810457514,113025000.0,0.354767875
2024-08-11,112300000,11230000.0,4137377.0542324153,6100000,19500000,3.4,10,3.44,1.2864549764602469,200,0.3604305,0.231145,0.09575499999999999,0.2165817894853493,200,174300000.0,0.5520926090828139,0,2024,8,32,95200000.0,0.3096675,113100000.0,0.354344,127500000.0,0.426393,116300000.0,0.328667,112025000.0,0.36270875
2024-08-18,174300000,17430000.0,17309666.535076737,4900000,60100000,2.9,10,2.8869444444444445,1.3189529871951373,189,0.2645686111111111,0.190815,0.11318277777777778,0.1541529732214488,189,158500000.0,-0.09064830751577739,0,2024,8,33,112300000.0,0.3604305,95200000.0,0.3096675,113100000.0,0.354344,127500000.0,0.426393,123725000.0,0.32225265277777776
2024-08-25,158500000,15850000.0,20520734.77133691,6500000,73800000,2.9,10,2.8436507936507933,1.3782872401732447,145,0.2156616049382716,0.17541975308641977,0.10923518518518519,0.1312230561399827,154,122700000.0,-0.22586750788643534,1,2024,8,34,174300000.0,0.2645686111111111,112300000.0,0.3604305,95200000.0,0.3096675,113100000.0,0.354344,135075000.0,0.28758205401234566
2024-09-01,122700000,12270000.0,10960641.708707875,3600000,30600000,4.8,10,3.143650793650794,1.3950334948876828,159,0.2827627777777778,0.19571666666666665,0.09567222222222223,0.13524107726440296,165,179500000.0,0.46291768541157297,0,2024,9,35,158500000.0,0.2156616049382716,174300000.0,0.2645686111111111,112300000.0,0.3604305,95200000.0,0.3096675,141950000.0,0.2808558734567901
2024-09-08,179500000,17950000.0,20709592.51704925,4000000,68600000,4.6,10,2.8442857142857143,1.4919448416870573,194,0.2816715,0.1938,0.09083000000000001,0.12067950629158716,200,207900000.0,0.15821727019498608,0,2024,9,36,122700000.0,0.2827627777777778,158500000.0,0.2156616049382716,174300000.0,0.2645686111111111,112300000.0,0.3604305,158750000.0,0.26116612345679013
2024-09-15,207900000,20790000.0,24157651.191933192,6800000,84900000,3.7,10,3.3274999999999997,1.4407667972765514,200,0.3546495,0.220375,0.10706,0.19596662458787314,200,155500000.0,-0.25204425204425207,1,2024,9,37,179500000.0,0.2816715,122700000.0,0.2827627777777778,158500000.0,0.2156616049382716,174300000.0,0.2645686111111111,167150000.0,0.28368634567901235
2024-09-22,155500000,15550000.0,14511011.144797748,4600000,45600000,3.4,10,3.1675,1.4283941720557647,200,0.314084,0.205655,0.10322,0.17868865356535618,200,91100000.0,-0.4141479099678457,1,2024,9,38,207900000.0,0.3546495,179500000.0,0.2816715,122700000.0,0.2827627777777778,158500000.0,0.2156616049382716,166400000.0,0.30829194444444447
2024-09-29,91100000,9110000.0,5024484.49539298,4400000,19500000,4.7,10,3.361666666666667,1.4838794118853955,189,0.35290444444444447,0.21788500000000002,0.09343611111111111,0.19242401921516472,189,86700000.0,-0.048298572996706916,0,2024,9,39,155500000.0,0.314084,207900000.0,0.3546495,179500000.0,0.2816715,122700000.0,0.2827627777777778,158500000.0,0.3258273611111111
2024-10-06,86700000,8670000.0,3081503.9618125865,5600000,15100000,5.2,10,3.6991666666666667,1.29710127950779,189,0.44254544444444444,0.255045,0.07579111111111111,0.26806681459757625,189,159400000.0,0.8385236447520185,0,2024,10,40,91100000.0,0.35290444444444447,155500000.0,0.314084,207900000.0,0.3546495,179500000.0,0.2816715,135300000.0,0.3660458472222222
2024-10-13,159400000,15940000.0,11641802.075089388,6500000,44700000,4.4,10,3.3299999999999996,1.3147521094010213,200,0.3416005,0.23737499999999997,0.09407,0.2053658254356751,200,117400000.0,-0.26348808030112925,1,2024,10,41,86700000.0,0.44254544444444444,91100000.0,0.35290444444444447,155500000.0,0.314084,207900000.0,0.3546495,123175000.0,0.36278359722222225
2024-10-20,117400000,11740000.0,4409635.913416082,6700000,21900000,3.9,10,3.3425,1.23407455448049,200,0.20346250000000002,0.205225,0.116425,0.15882517807334384,200,111700000.0,-0.048551959114139696,0,2024,10,42,159400000.0,0.3416005,86700000.0,0.44254544444444444,91100000.0,0.35290444444444447,155500000.0,0.314084,113650000.0,0.3351282222222222
2024-10-27,111700000,11170000.0,8469822.246593425,4200000,31000000,4.1,10,2.779642857142857,1.3354117152540255,183,0.133781125,0.19070749999999997,0.12580196428571427,0.1118322679067536,183,144400000.0,0.2927484333034915,0,2024,10,43,117400000.0,0.20346250000000002,159400000.0,0.3416005,86700000.0,0.44254544444444444,91100000.0,0.35290444444444447,118800000.0,0.2803473923611111
2024-11-03,144400000,14440000.0,13259981.565262869,4900000,42900000,5.0,10,2.8024999999999998,1.3116048233874822,196,0.172493625,0.20623249999999999,0.11382624999999999,0.1515263269810378,196,119500000.0,-0.1724376731301939,1,2024,11,44,111700000.0,0.133781125,117400000.0,0.20346250000000002,159400000.0,0.3416005,86700000.0,0.44254544444444444,133225000.0,0.21283443749999997
2024-11-10,119500000,11950000.0,8903838.123715712,5000000,32000000,4.8,10,3.4549999999999996,1.213775764309459,200,0.3954575,0.24459499999999998,0.088205,0.21846953714688272,200,110700000.0,-0.07364016736401674,0,2024,11,45,144400000.0,0.172493625,111700000.0,0.133781125,117400000.0,0.20346250000000002,159400000.0,0.3416005,123250000.0,0.22629868749999998
2024-11-17,110700000,11070000.0,6610269.787736856,5000000,24600000,3.2,10,3.3757142857142854,1.180294580621849,194,0.4514394285714286,0.22435785714285714,0.06971928571428572,0.20786855995964554,194,118500000.0,0.07046070460704607,0,2024,11,46,119500000.0,0.3954575,144400000.0,0.172493625,111700000.0,0.133781125,117400000.0,0.20346250000000002,121575000.0,0.28829291964285714
2024-11-24,118500000,11850000.0,5557227.526184057,5500000,21600000,3.1,10,3.0700000000000003,1.307298567518891,200,0.347368,0.19927,0.082625,0.13952793312640757,200,154200000.0,0.3012658227848101,0,2024,11,47,110700000.0,0.4514394285714286,119500000.0,0.3954575,144400000.0,0.172493625,111700000.0,0.133781125,123275000.0,0.34168963839285715
2024-12-01,154200000,15420000.0,15231312.776280608,5700000,54600000,3.5,10,3.005,1.2912696716080105,200,0.28453300000000004,0.18646000000000001,0.087895,0.11307335763694401,200,167000000.0,0.08300907911802853,0,2024,12,48,118500000.0,0.347368,110700000.0,0.4514394285714286,119500000.0,0.3954575,144400000.0,0.172493625,125725000.0,0.36969948214285714
2024-12-08,167000000,16700000.0,10582480.280581148,7800000,39500000,4.9,10,2.9677777777777776,1.4239525925891183,187,0.2909184444444445,0.1983227777777778,0.09443055555555556,0.11475396173769321,187,237400000.0,0.4215568862275449,0,2024,12,49,154200000.0,0.28453300000000004,118500000.0,0.347368,110700000.0,0.4514394285714286,119500000.0,0.3954575,137600000.0,0.3435647182539683
2024-12-15,237400000,23740000.0,22293805.816364728,7100000,84000000,5.5,10,3.313214285714286,1.4838199554692586,194,0.3361427142857143,0.22799571428571425,0.08730642857142858,0.1461272352354573,194,238300000.0,0.0037910699241786015,0,2024,12,50,167000000.0,0.2909184444444445,154200000.0,0.28453300000000004,118500000.0,0.347368,110700000.0,0.4514394285714286,169275000.0,0.31474053968253973
2024-12-22,238300000,23830000.0,31069100.4053867,7300000,110200000,4.1,10,2.980714285714286,1.422153065805611,194,0.2806662142857143,0.20708071428571428,0.08642642857142857,0.11875327794424247,194,226000000.0,-0.05161561057490558,0,2024,12,51,237400000.0,0.3361427142857143,167000000.0,0.2909184444444445,154200000.0,0.28453300000000004,118500000.0,0.347368,199225000.0,0.29806509325396824
2024-12-29,226000000,22600000.0,20502032.419575706,9200000,69800000,4.7,10,3.4138888888888888,1.4493373494414614,180,0.3594322222222222,0.21413333333333334,0.079,0.1685399098327986,180,125000000.0,-0.4469026548672566,1,2024,12,52,238300000.0,0.2806662142857143,237400000.0,0.3361427142857143,167000000.0,0.2909184444444445,154200000.0,0.28453300000000004,217175000.0,0.31678989880952385
2025-01-05,125000000,12500000.0,9265467.548315568,6100000,34700000,4.5,10,3.7075000000000005,1.2848263194642506,195,0.39598883333333335,0.21985166666666664,0.07484833333333332,0.20767431292825284,195,99700000.0,-0.2024,1,2025,1,1,226000000.0,0.3594322222222222,238300000.0,0.2806662142857143,237400000.0,0.3361427142857143,167000000.0,0.2909184444444445,206675000.0,0.343057496031746
2025-01-12,99700000,9970000.0,4771920.181878802,6100000,21500000,7.9,10,3.8028571428571434,2.0067857744302584,194,0.3210905,0.21436000000000002,0.09190000000000001,0.1989590068613106,200,149300000.0,0.4974924774322969,0,2025,1,2,125000000.0,0.39598883333333335,226000000.0,0.3594322222222222,238300000.0,0.2806662142857143,237400000.0,0.3361427142857143,172250000.0,0.3392944424603175
2025-01-19,149300000,14930000.0,26132357.54980999,4000000,88900000,8.4,10,3.752857142857143,2.0571472563744315,194,0.33732449999999997,0.22283,0.09293,0.19995545497272035,200,141800000.0,-0.05023442732752847,0,2025,1,3,99700000.0,0.3210905,125000000.0,0.39598883333333335,226000000.0,0.3594322222222222,238300000.0,0.2806662142857143,150000000.0,0.3534590138888889
2025-01-26,141800000,14180000.0,26302420.67440435,4200000,88900000,7.4,10,3.6475,1.3195422218134056,200,0.4090205,0.23773,0.078405,0.23807261225536358,200,92300000.0,-0.34908321579689705,1,2025,1,4,149300000.0,0.33732449999999997,99700000.0,0.3210905,125000000.0,0.39598883333333335,226000000.0,0.3594322222222222,128950000.0,0.3658560833333333
2025-02-02,92300000,9230000.0,9609144.949820805,3200000,35000000,5.4,10,3.4549999999999996,1.2969530121897583,200,0.297742,0.225915,0.08954000000000001,0.19315386531109532,200,118200000.0,0.28060671722643554,0,2025,2,5,141800000.0,0.4090205,149300000.0,0.33732449999999997,99700000.0,0.3210905,125000000.0,0.39598883333333335,120775000.0,0.34129437500000004
2025-02-09,118200000,11820000.0,11279952.71857703,4200000,41900000,5.3,10,3.4949999999999997,1.2040341300992377,200,0.3387605,0.21824,0.08848500000000001,0.17174452504289123,200,132100000.0,0.11759729272419628,0,2025,2,6,92300000.0,0.297742,141800000.0,0.4090205,149300000.0,0.33732449999999997,99700000.0,0.3210905,125400000.0,0.345711875
2025-02-16,132100000,13210000.0,8470399.439617159,5700000,32700000,4.5,10,3.2112499999999997,1.3945076823946887,196,0.346049,0.21046,0.08932,0.16421655598050883,200,118500000.0,-0.10295230885692658,1,2025,2,7,118200000.0,0.3387605,92300000.0,0.297742,141800000.0,0.4090205,149300000.0,0.33732449999999997,121100000.0,0.347893
2025-02-23,118500000,11850000.0,5690000.976371719,6300000,23300000,7.5,10,3.07,1.3717325809952623,200,0.29359900000000005,0.2118,0.103015,0.1735754989375921,200,104700000.0,-0.11645569620253164,1,2025,2,8,132100000.0,0.346049,118200000.0,0.3387605,92300000.0,0.297742,141800000.0,0.4090205,115275000.0,0.31903762500000005
2025-03-02,104700000,10470000.0,4935596.327811981,7100000,23300000,9.1,10,3.28,1.2425903890137768,200,0.3673835,0.23760000000000003,0.07833999999999999,0.24071586504793108,200,99600000.0,-0.04871060171919771,0,2025,3,9,118500000.0,0.29359900000000005,132100000.0,0.346049,118200000.0,0.3387605,92300000.0,0.297742,118375000.0,0.336448
2025-03-09,99600000,9960000.0,4788226.301159033,6200000,21000000,6.8,10,2.9274999999999998,1.222080690075052,200,0.291893,0.20364,0.094025,0.17920602102779876,200,142300000.0,0.428714859437751,0,2025,3,10,104700000.0,0.3673835,118500000.0,0.29359900000000005,132100000.0,0.346049,118200000.0,0.3387605,113725000.0,0.324731125
2025-03-16,142300000,14230000.0,14663791.384828746,5400000,53800000,6.2,10,3.09,1.3235304772952552,200,0.3078725,0.19716,0.094975,0.17121435638513752,200,155500000.0,0.09276177090653549,0,2025,3,11,99600000.0,0.291893,104700000.0,0.3673835,118500000.0,0.29359900000000005,132100000.0,0.346049,116275000.0,0.315187
2025-03-23,155500000,15550000.0,12900925.892698124,7700000,48000000,3.3,10,3.0675,1.4293916363104295,200,0.31148750000000003,0.19158,0.09262999999999999,0.15792525704708277,200,135000000.0,-0.13183279742765272,1,2025,3,12,142300000.0,0.3078725,99600000.0,0.291893,104700000.0,0.3673835,118500000.0,0.29359900000000005,125525000.0,0.31965912500000004
2025-03-30,135000000,13500000.0,13623182.85537969,4800000,50800000,3.9,10,3.302142857142857,1.3859939704266455,194,0.36358228571428575,0.21973571428571428,0.10030357142857142,0.18057297872170538,194,136800000.0,0.013333333333333334,0,2025,3,13,155500000.0,0.31148750000000003,142300000.0,0.3078725,99600000.0,0.291893,104700000.0,0.3673835,133100000.0,0.31870882142857143
2025-04-06,136800000,13680000.0,16680647.469447939,5100000,60800000,2.4,10,3.3246428571428575,1.3467316785282557,184,0.2891942857142857,0.19690071428571426,0.10947357142857143,0.16374549272995245,194,81700000.0,-0.4027777777777778,1,2025,4,14,135000000.0,0.36358228571428575,155500000.0,0.31148750000000003,142300000.0,0.3078725,99600000.0,0.291893,142400000.0,0.3180341428571429
2025-04-13,81700000,8170000.0,6987616.029646862,3700000,27200000,4.5,10,3.424166666666667,1.274648465836244,171,0.36857511111111113,0.2291411111111111,0.08189833333333332,0.2329177301375885,184,66900000.0,-0.18115055079559364,1,2025,4,15,136800000.0,0.2891942857142857,135000000.0,0.36358228571428575,155500000.0,0.31148750000000003,142300000.0,0.3078725,127250000.0,0.33320979563492065
2025-04-20,66900000,6690000.0,3716165.885545058,3800000,15600000,8.2,10,3.271666666666667,1.3672090096366765,185,0.3442166666666667,0.2129933333333333,0.08603166666666666,0.20159257970461386,185,119300000.0,0.7832585949177877,0,2025,4,16,81700000.0,0.36857511111111113,136800000.0,0.2891942857142857,135000000.0,0.36358228571428575,155500000.0,0.31148750000000003,105100000.0,0.3413920873015873
2025-04-27,119300000,11930000.0,14663564.065775793,4500000,53100000,4.1,10,3.3549999999999995,1.3040750499126221,190,0.3239395,0.21269,0.10524,0.16904325595918174,190,103100000.0,-0.1357921207041073,1,2025,4,17,66900000.0,0.3442166666666667,81700000.0,0.36857511111111113,136800000.0,0.2891942857142857,135000000.0,0.36358228571428575,101175000.0,0.33148139087301587
2025-05-04,103100000,10310000.0,13215012.506825544,3800000,47300000,5.8,10,3.2299999999999995,1.3084743405416701,200,0.368796,0.22347,0.09925500000000001,0.18349144217450186,200,125200000.0,0.21435499515033948,0,2025,5,18,119300000.0,0.3239395,66900000.0,0.3442166666666667,81700000.0,0.36857511111111113,136800000.0,0.2891942857142857,92750000.0,0.35138181944444447
2025-05-11,125200000,12520000.0,8132759.5426016245,4800000,29000000,4.0,10,3.3233333333333333,1.2110598563560209,186,0.3085293333333333,0.22305666666666668,0.094085,0.20100652276994285,186,107700000.0,-0.13977635782747605,1,2025,5,19,103100000.0,0.368796,119300000.0,0.3239395,66900000.0,0.3442166666666667,81700000.0,0.36857511111111113,103625000.0,0.336370375
2025-05-18,107700000,10770000.0,10972495.917824106,4100000,38000000,3.5,10,3.2666666666666666,1.2124869927025295,180,0.2777588888888889,0.22265,0.09725555555555555,0.17585663367239746,180,98000000.0,-0.09006499535747446,0,2025,5,20,125200000.0,0.3085293333333333,103100000.0,0.368796,119300000.0,0.3239395,66900000.0,0.3442166666666667,113825000.0,0.31975593055555557
2025-05-25,98000000,9800000.0,4315862.215903871,5500000,16000000,3.2,10,3.523611111111111,1.2103948690950002,168,0.2657652777777778,0.23750277777777778,0.09974722222222222,0.217714792882873,168,78200000.0,-0.20204081632653062,1,2025,5,21,107700000.0,0.2777588888888889,125200000.0,0.3085293333333333,103100000.0,0.368796,119300000.0,0.3239395,108500000.0,0.30521237500000004
2025-06-01,78200000,7820000.0,3512137.6839627335,3300000,12700000,5.2,10,3.3200000000000003,1.3450511515406223,200,0.30414050000000004,0.250755,0.09674,0.20438823151429625,200,101100000.0,0.2928388746803069,0,2025,6,22,98000000.0,0.2657652777777778,107700000.0,0.2777588888888889,125200000.0,0.3085293333333333,103100000.0,0.368796,102275000.0,0.2890485
2025-06-08,101100000,10110000.0,12516784.287063865,4300000,45500000,2.8,10,3.4875,1.29120370508079,200,0.3535355,0.24155000000000001,0.08591499999999999,0.21362309974410748,200,180700000.0,0.7873392680514342,0,2025,6,23,78200000.0,0.30414050000000004,98000000.0,0.2657652777777778,107700000.0,0.2777588888888889,125200000.0,0.3085293333333333,96250000.0,0.3003000416666667
2025-06-15,180700000,18070000.0,25826904.576429594,5600000,88000000,4.6,10,3.4375,1.3436450304705638,200,0.2962685,0.20977,0.08846,0.18949035770897749,200,127700000.0,-0.2933038184836746,1,2025,6,24,101100000.0,0.3535355,78200000.0,0.30414050000000004,98000000.0,0.2657652777777778,107700000.0,0.2777588888888889,114500000.0,0.3049274444444445
2025-06-22,127700000,12770000.0,8666929.483194534,5300000,36000000,4.5,10,3.4527777777777775,1.3665172722676437,180,0.25489700000000004,0.181615,0.084635,0.16922914535435393,182,131000000.0,0.025841816758026624,0,2025,6,25,180700000.0,0.2962685,101100000.0,0.3535355,78200000.0,0.30414050000000004,98000000.0,0.2657652777777778,121925000.0,0.30221037500000003
2025-06-29,131000000,13100000.0,10402456.97473011,5500000,40300000,6.3,10,3.4475000000000002,1.3465999601573277,182,0.34833400000000003,0.211945,0.07625,0.1888605619104478,184,192900000.0,0.4725190839694656,0,2025,6,26,127700000.0,0.25489700000000004,180700000.0,0.2962685,101100000.0,0.3535355,78200000.0,0.30414050000000004,135125000.0,0.31325875000000003
2025-07-06,192900000,19290000.0,19250365.07590325,6500000,66800000,5.0,10,3.1425,1.4383856006904105,168,0.2697421666666667,0.1890083333333333,0.087275,0.14542039834243822,170,146100000.0,-0.24261275272161742,1,2025,7,27,131000000.0,0.34833400000000003,127700000.0,0.25489700000000004,180700000.0,0.2962685,101100000.0,0.3535355,158075000.0,0.2923104166666667
2025-07-13,146100000,14610000.0,13774811.956772566,4500000,40400000,4.8,10,3.2049999999999996,1.359507075844879,182,0.30291100000000004,0.21151499999999998,0.094315,0.14239665084545436,184,124100000.0,-0.15058179329226556,1,2025,7,28,192900000.0,0.2697421666666667,131000000.0,0.34833400000000003,127700000.0,0.25489700000000004,180700000.0,0.2962685,149425000.0,0.2939710416666667
2025-07-20,124100000,12410000.0,12908520.0115617,4100000,43000000,6.7,10,3.0149999999999997,1.5333333455639586,200,0.3190035,0.23841,0.09518499999999999,0.1926974891323191,200,203600000.0,0.6406124093473006,0,2025,7,29,146100000.0,0.30291100000000004,192900000.0,0.2697421666666667,131000000.0,0.34833400000000003,127700000.0,0.25489700000000004,148525000.0,0.3099976666666667
2025-07-27,203600000,20360000.0,27762932.922233637,3700000,91900000,5.6,10,3.1143181818181818,1.4416222704334998,191,0.38169949999999997,0.214995,0.09043000000000001,0.15713694486879257,200,254400000.0,0.24950884086444008,0,2025,7,30,124100000.0,0.3190035,146100000.0,0.30291100000000004,192900000.0,0.2697421666666667,131000000.0,0.34833400000000003,166675000.0,0.3183390416666667
2025-08-03,254400000,25440000.0,24091270.894938968,5200000,80300000,5.6,10,2.8725,1.4266196051141524,200,0.338245,0.20160999999999998,0.090565,0.12884367292136892,200,180100000.0,-0.29205974842767296,1,2025,8,31,203600000.0,0.38169949999999997,124100000.0,0.3190035,146100000.0,0.30291100000000004,192900000.0,0.2697421666666667,182050000.0,0.33546475000000003
2025-08-10,180100000,18010000.0,16921679.060371704,5800000,51300000,5.5,10,2.9925,1.383360532112334,200,0.3479635,0.219155,0.089525,0.1795149229624774,200,142400000.0,-0.20932815102720712,1,2025,8,32,254400000.0,0.338245,203600000.0,0.38169949999999997,124100000.0,0.3190035,146100000.0,0.30291100000000004,190550000.0,0.346727875
2025-08-17,142400000,14240000.0,11805196.595849926,3900000,43300000,6.9,10,2.945,1.3260918791827327,200,0.293958,0.20038,0.09870000000000001,0.13910843830033195,200,126300000.0,-0.11306179775280899,1,2025,8,33,180100000.0,0.3479635,254400000.0,0.338245,203600000.0,0.38169949999999997,124100000.0,0.3190035,195125000.0,0.3404665
2025-08-24,126300000,12630000.0,11586970.651938708,5000000,42400000,6.4,10,3.2775,1.3348768540161764,200,0.356468,0.22122999999999998,0.101635,0.16949843166238907,200,163300000.0,0.2929532858273951,0,2025,8,34,142400000.0,0.293958,180100000.0,0.3479635,254400000.0,0.338245,203600000.0,0.38169949999999997,175800000.0,0.334158625
2025-08-31,163300000,16330000.0,17866545.397598397,4700000,50200000,6.4,10,3.2075000000000005,1.3228395232104118,200,0.28220349999999994,0.20435000000000003,0.11875500000000001,0.14297793975950907,200,160100000.0,-0.019595835884874464,0,2025,8,35,126300000.0,0.356468,142400000.0,0.293958,180100000.0,0.3479635,254400000.0,0.338245,153025000.0,0.32014824999999997
2025-09-07,160100000,16010000.0,16979101.533617403,4100000,42400000,7.6,10,3.8325000000000005,1.1546997180566798,200,0.3738265,0.24536000000000002,0.086325,0.24567047477214826,200,145200000.0,-0.09306683322923173,0,2025,9,36,163300000.0,0.28220349999999994,126300000.0,0.356468,142400000.0,0.293958,180100000.0,0.3479635,148025000.0,0.32661399999999996
2025-09-14,145200000,14520000.0,12273621.216974953,3300000,37700000,7.7,10,3.745,1.137007295620311,200,0.511834,0.24425,0.05991500000000001,0.27154302955333387,200,152400000.0,0.049586776859504134,0,2025,9,37,160100000.0,0.3738265,163300000.0,0.28220349999999994,126300000.0,0.356468,142400000.0,0.293958,148725000.0,0.381083
2025-09-21,152400000,15240000.0,12674488.81283449,4000000,38900000,4.6,10,3.1811842105263155,1.2632861010341236,199,0.28168113157894736,0.21014578947368423,0.09855894736842105,0.18721442380505932,199,123200000.0,-0.19160104986876642,1,2025,9,38,145200000.0,0.511834,160100000.0,0.3738265,163300000.0,0.28220349999999994,126300000.0,0.356468,155250000.0,0.36238628289473684
2025-09-28,123200000,12320000.0,7998722.120161167,4900000,32200000,4.6,10,3.5675,1.4296064088449554,190,0.378073,0.21657500000000002,0.089305,0.21564573886456642,200,94900000.0,-0.2297077922077922,1,2025,9,39,152400000.0,0.28168113157894736,145200000.0,0.511834,160100000.0,0.3738265,163300000.0,0.28220349999999994,145225000.0,0.38635365789473686
2025-10-05,94900000,9490000.0,9071009.989092847,3200000,30200000,4.7,10,3.6424999999999996,1.3815100351495606,200,0.5006390000000001,0.23958500000000002,0.074325,0.24094381709362808,200,118300000.0,0.2465753424657534,0,2025,10,40,123200000.0,0.378073,152400000.0,0.28168113157894736,145200000.0,0.511834,160100000.0,0.3738265,128925000.0,0.4180567828947369
2025-10-12,118300000,11830000.0,10613623.320996463,4200000,33500000,5.7,10,3.44,1.2789116211609532,194,0.38794264285714286,0.22379785714285716,0.08427928571428571,0.19721330364806153,194,149000000.0,0.2595097210481826,0,2025,10,41,94900000.0,0.5006390000000001,123200000.0,0.378073,152400000.0,0.28168113157894736,145200000.0,0.511834,122200000.0,0.38708394360902254
2025-10-19,149000000,14900000.0,14498658.941816347,4200000,47700000,6.6,10,2.8973076923076926,1.3495784013485561,187,0.15619464285714288,0.16686285714285715,0.11191428571428572,0.10115385752716599,194,162300000.0,0.08926174496644296,0,2025,10,42,118300000.0,0.38794264285714286,94900000.0,0.5006390000000001,123200000.0,0.378073,152400000.0,0.28168113157894736,121350000.0,0.35571232142857145
2025-10-26,162300000,16230000.0,13350576.35043854,4000000,42400000,6.6,10,2.585,1.2596262132170142,200,0.07843700000000002,0.155325,0.12298,0.09083225280104763,200,151700000.0,-0.06531115218730746,0,2025,10,43,149000000.0,0.15619464285714288,118300000.0,0.38794264285714286,94900000.0,0.5006390000000001,123200000.0,0.378073,131125000.0,0.28080332142857145
2025-11-02,151700000,15170000.0,17027888.888526376,4500000,60500000,6.5,10,2.9925,1.3891555220278662,200,0.16267,0.17332999999999998,0.12092499999999999,0.12473836687045306,200,163800000.0,0.07976268951878708,0,2025,11,44,162300000.0,0.07843700000000002,149000000.0,0.15619464285714288,118300000.0,0.38794264285714286,94900000.0,0.5006390000000001,145325000.0,0.19631107142857146
2025-11-09,163800000,16380000.0,20927217.7903429,3100000,73600000,6.6,10,3.1975000000000002,1.345250284988688,185,0.2993015,0.22311999999999999,0.09475,0.2018334141277013,185,191400000.0,0.1684981684981685,0,2025,11,45,151700000.0,0.16267,162300000.0,0.07843700000000002,149000000.0,0.15619464285714288,118300000.0,0.38794264285714286,156700000.0,0.17415078571428572
2025-11-16,191400000,19140000.0,23799168.98642565,5500000,85500000,4.9,10,3.075,1.41164246214352,200,0.26071999999999995,0.18636,0.092875,0.14914028409557614,200,181700000.0,-0.05067920585161965,0,2025,11,46,163800000.0,0.2993015,151700000.0,0.16267,162300000.0,0.07843700000000002,149000000.0,0.15619464285714288,167300000.0,0.20028212499999998
2025-11-23,181700000,18170000.0,10277272.660260277,9300000,37000000,4.3,10,3.4325,1.4121447231055988,184,0.3566445,0.22769499999999998,0.084535,0.18603070722637022,184,145400000.0,-0.19977985690698954,1,2025,11,47,191400000.0,0.26071999999999995,163800000.0,0.2993015,151700000.0,0.16267,162300000.0,0.07843700000000002,172150000.0,0.269834
2025-11-30,145400000,14540000.0,8187280.107310092,6000000,30900000,5.5,10,3.731666666666667,2.8112085322833327,179,0.3178065,0.22705999999999998,0.0865,0.17057826676280138,184,114500000.0,-0.2125171939477304,1,2025,11,48,181700000.0,0.3566445,191400000.0,0.26071999999999995,163800000.0,0.2993015,151700000.0,0.16267,170575000.0,0.30861812499999997
2025-12-07,114500000,11450000.0,6746892.2887174925,6200000,27800000,4.6,10,4.6445454545454545,4.205865593765118,161,0.4614324298245614,0.2317256140350877,0.05560070175438597,0.19629163291263718,194,154800000.0,0.3519650655021834,0,2025,12,49,145400000.0,0.3178065,181700000.0,0.3566445,191400000.0,0.26071999999999995,163800000.0,0.2993015,158250000.0,0.34915085745614033
2025-12-14,154800000,15480000.0,13506854.227062315,5400000,49200000,8.3,10,3.921666666666667,2.6211160411119567,165,0.29597866666666667,0.2128566666666667,0.08496333333333334,0.1830060886142431,195,132300000.0,-0.14534883720930233,1,2025,12,50,114500000.0,0.4614324298245614,145400000.0,0.3178065,181700000.0,0.3566445,191400000.0,0.26071999999999995,149100000.0,0.357965524122807
2025-12-21,132300000,13230000.0,13508848.951705692,5300000,50800000,10.2,10,4.425,2.529618421770198,155,0.4197166666666667,0.24828666666666668,0.06184333333333334,0.27188002029722996,163,138800000.0,0.0491307634164777,0,2025,12,51,154800000.0,0.29597866666666667,114500000.0,0.4614324298245614,145400000.0,0.3178065,181700000.0,0.3566445,136750000.0,0.3737335657894737
2025-12-28,138800000,13880000.0,7087046.085797821,6600000,28700000,8.4,10,4.875,4.2068830200949225,180,0.43023516666666667,0.23509666666666665,0.06355833333333334,0.25018563601517985,195,119400000.0,-0.13976945244956773,1,2025,12,52,132300000.0,0.4197166666666667,154800000.0,0.29597866666666667,114500000.0,0.4614324298245614,145400000.0,0.3178065,135100000.0,0.4018407324561404
2026-01-04,119400000,11940000.0,6532687.0428637555,5300000,25500000,7.1,10,3.6820833333333334,1.2890385326629459,161,0.3575863270676692,0.23138236842105261,0.06867827067669173,0.20819384367812308,186,115600000.0,-0.031825795644891124,0,2026,1,1,138800000.0,0.43023516666666667,132300000.0,0.4197166666666667,154800000.0,0.29597866666666667,114500000.0,0.4614324298245614,136325000.0,0.37587920676691733
2026-01-11,115600000,11560000.0,8848753.835679036,4200000,33800000,7.8,10,4.55833041958042,3.2182233113424545,156,0.42049514285714285,0.24624000000000001,0.06959642857142859,0.22105133765856574,187,183200000.0,0.5847750865051903,0,2026,1,2,119400000.0,0.3575863270676692,138800000.0,0.43023516666666667,132300000.0,0.4197166666666667,154800000.0,0.29597866666666667,126525000.0,0.4070083258145364
2026-01-18,183200000,18320000.0,24685164.235494435,3800000,78300000,7.4,10,3.561891025641026,1.4878345406300308,117,0.3939915,0.21113833333333334,0.059055,0.20385643166179576,167,199900000.0,0.09115720524017468,0,2026,1,3,115600000.0,0.42049514285714285,119400000.0,0.3575863270676692,138800000.0,0.43023516666666667,132300000.0,0.4197166666666667,139250000.0,0.4005770341478697
2026-01-25,199900000,19990000.0,21014251.777728796,5200000,76100000,5.5,10,3.3819289044289045,1.3000302714081091,124,0.3386825,0.19941166666666668,0.07556333333333334,0.19442917356559053,173,116000000.0,-0.4197098549274637,1,2026,1,4,183200000.0,0.3939915,115600000.0,0.42049514285714285,119400000.0,0.3575863270676692,138800000.0,0.43023516666666667,154525000.0,0.377688867481203
2026-02-01,116000000,11600000.0,6278180.911343313,4500000,27500000,5.5,10,3.5604048402577817,1.507658680623533,148,0.37755400000000006,0.20349166666666668,0.07601833333333333,0.1745870665531065,192,88900000.0,-0.2336206896551724,1,2026,2,5,199900000.0,0.3386825,183200000.0,0.3939915,115600000.0,0.42049514285714285,119400000.0,0.3575863270676692,153675000.0,0.3826807857142857
2026-02-08,88900000,8890000.0,4968668.500379822,4300000,20500000,4.7,10,3.571726655697244,3.1531465039021342,130,0.31471985620915033,0.1970683660130719,0.07335460784313726,0.16929370690815354,183,,,0,2026,2,6,116000000.0,0.37755400000000006,199900000.0,0.3386825,183200000.0,0.3939915,115600000.0,0.42049514285714285,147000000.0,0.35623696405228755
